id_da_onda,operacao,numero_da_onda,codinome_farsi_da_onda,codinome_ingles_da_onda,anunciado_utc,fonte_do_anuncio,horario_provavel_de_lancamento,horario_lancamento_israel,horario_lancamento_ira,fase_solar_local_lancamento,fase_solar_alvo,dia_do_conflito,horas_desde_ultima_onda,tempo_entre_ondas_minutos,duracao_da_onda_minutos,carga_util,drones_utilizados,misseis_balisticos_utilizados,misseis_de_cruzeiro_utilizados,emad_used,ghadr_used,sejjil_used,kheibar_shekan_used,fattah_used,shahed_136_used,shahed_238_used,shahed_131_used,shahed_107_used,shahed_129_used,mohajer_6_used,bm_liquid_fueled,bm_solid_fueled,bm_marv_equipped,bm_hypersonic,bm_cluster_warhead,cluster_munitions,cluster_warhead_confirmed,cluster_carrier_missile,cluster_submunition_count,cluster_submunition_explosive_kg,cluster_dispersal_radius_km,israel_targeted,us_bases_targeted,alvos,landings_countries_iso,paises_de_impacto,targeted_tel_aviv,targeted_jerusalem,targeted_haifa,targeted_negev_beersheba,targeted_northern_periphery,targeted_eilat,us_bases_list,us_naval_vessels_list,target_lat,target_lon,target_generic_location,launch_site_description,launch_site_lat,launch_site_lon,launch_site_generic_location,interceptado,interception_systems,intercepted_by_israel,intercepted_by_us,intercepted_by_uk,intercepted_by_jordan,intercepted_by_other,estimated_intercept_count,estimated_intercept_rate,exoatmospheric_interception,endoatmospheric_interception,interception_report,estimated_munitions_count,munitions_targeting_israel,munitions_targeting_us_bases,cumulative_total,small_number_of_missiles,danos,mortes,feridos,civilian_casualties,military_casualties,new_country_targeted,new_weapon_first_use,proxy_involvement,proxy_description,descricao,iranian_media_claims,idf_statement,source_urls,target_iaf_base,target_us_base,target_naval_base,target_naval_vessel,target_government_c2,target_military_industrial,target_intelligence,target_civilian_infrastructure,target_civilian_area,target_diplomatic,narrativa
tp1_w01,tp1,1,,Drone/Cruise Missile Wave,2024-04-13T19:00:00Z,IRGC,2024-04-13T19:00:00Z,2024-04-13T22:00:00+0300,2024-04-13T22:30:00+0330,0.0,0.0,1,,,,170 Shahed-136 loitering munitions and 30 Paveh cruise missiles,True,False,True,False,False,False,False,False,True,False,,,,,False,False,False,False,,False,,,,,,True,False,"Nevatim Airbase, sites in Negev desert and Israeli-occupied Golan Heights",IL,Israel,False,False,False,True,True,False,,,30.89,34.78,False,Multiple sites across Iran; Shahed drones also launched from Iraq and Yemen by proxies,33.0,52.0,False,True,"Iron Dome, David's Sling, Patriot PAC-3, Aegis BMD / SM-3",True,True,True,True,France,,0.99,False,True,US CENTCOM reported destroying more than 80 one-way attack drones and at least 6 ballistic missiles. Jordan and UK RAF also intercepted drones over Jordanian airspace. France contributed to interception efforts.,200.0,200.0,0.0,200.0,,Minimal — most munitions intercepted before reaching Israeli airspace,0.0,0.0,0.0,0.0,True,False,True,"Coordinated with Hezbollah (Lebanon), Islamic Resistance in Iraq, and Ansar Allah (Houthis, Yemen). Drones and rockets also launched from Iraqi, Yemeni, and Lebanese territory.","First wave of Shahed-136 loitering munitions and Paveh cruise missiles intended to saturate Israeli air defenses (Iron Dome, David's Sling) ahead of the ballistic missile wave. Drones launched several hours before ballistic missiles due to slower flight speed (~185 km/h for Shahed-136 vs minutes for ballistic missiles).",,"IDF reported 170 drones, 30 cruise missiles, 120 ballistic missiles launched; 99% interception rate","https://en.wikipedia.org/wiki/April_2024_Iranian_strikes_on_Israel, https://www.aljazeera.com/news/2024/4/14/true-promise-why-and-how-did-iran-launch-a-historic-attack-on-israel",True,False,False,False,False,False,False,False,False,False,"The first wave of Iran's inaugural direct attack on Israel. Launched on the night of 13 April 2024, this wave comprised a large combined salvo of Shahed-136 drones, ballistic missiles, and cruise missiles targeting Nevatim Airbase and sites across the Negev desert and Israeli-occupied Golan Heights. The attack was widely telegraphed in advance, giving Israel, the US, UK, France, and Jordan time to coordinate a multilayered defensive response. The overwhelming majority of munitions were intercepted."
tp1_w02,tp1,2,,Ballistic Missile Wave,,,2024-04-13T23:00:00Z,2024-04-14T02:00:00+0300,2024-04-14T02:30:00+0330,0.0,0.0,1,4.0,240.0,,"120 ballistic missiles including Emad, Ghadr (Ghadr-S/H/F variants), Kheibar Shekan, possibly Shahab-3B",False,True,False,True,True,False,True,False,False,False,False,,,False,True,True,True,False,,False,,,,,,True,False,"Nevatim Airbase (primary), Ramon Airbase area, sites in Negev desert and Golan Heights",IL,Israel,False,False,False,True,True,False,,,30.89,34.78,False,IRGC Aerospace Force launch sites in western and central Iran,33.5,50.0,False,True,"Arrow-2, Arrow-3, Aegis BMD / SM-3, Patriot PAC-3",True,True,False,True,,,0.99,True,True,"Arrow-2 and Arrow-3 intercepted ballistic missiles, with Arrow-3 performing exoatmospheric interceptions. SM-3 from US Navy destroyers was used in combat for the first time. A small number of ballistic missiles struck Nevatim Airbase causing minor damage; the base remained fully operational.",120.0,120.0,0.0,320.0,,Minor damage to Nevatim Airbase (base remained operational); debris fell in Arad region,0.0,32.0,32.0,0.0,False,False,False,Ballistic missile wave launched directly by IRGC Aerospace Force from Iranian territory,"Second wave of 120 ballistic missiles (Emad, Ghadr, Kheibar Shekan, possibly Shahab-3B) timed to arrive after drone wave had engaged Israeli air defense systems. Ballistic missiles launched later but arrived within minutes due to much higher velocity. Several missiles struck Nevatim Airbase area causing minor damage.",,99% of incoming weapons intercepted; minor damage to Nevatim Airbase,"https://en.wikipedia.org/wiki/April_2024_Iranian_strikes_on_Israel, https://besacenter.org/operation-true-promise-irans-missile-attack-on-israel/, https://www.iranwatch.org/our-publications/articles-reports/irans-missile-attack-against-israel",True,False,False,False,False,False,False,False,False,False,"The second and final wave of True Promise 1, continuing the bombardment of Nevatim Airbase and the Ramon Airbase area in the Negev. This wave followed the initial drone/missile salvo by several hours, with ballistic missiles arriving after the slower drones. Minor damage was reported at Nevatim. The combined two-wave attack involved approximately 320 munitions — the largest single aerial assault in the region's history at the time. Israel's multi-tier defense (Arrow, David's Sling, Iron Dome) achieved a near-total interception rate with coalition support."
tp2_w01,tp2,1,,First Ballistic Salvo,2024-10-01T16:30:00Z,IRGC,2024-10-01T16:30:00Z,2024-10-01T19:30:00+0300,2024-10-01T20:00:00+0330,0.0,0.0,1,,,,"Emad, Ghadr-H, Ghadr-F, Kheibar Shekan ballistic missiles",False,True,False,True,True,False,True,False,False,False,False,,,False,True,True,True,False,,False,,,,,,True,False,"Nevatim Airbase (primary), Tel Nof Airbase, Hatzerim Airbase","IL, JO, PS","Israel, Jordan, Palestine",False,False,False,True,False,False,,,30.89,34.78,False,IRGC Aerospace Force launch sites in western Iran,33.5,50.0,False,True,"Arrow-2, Arrow-3, David's Sling, Aegis BMD / SM-3",True,True,True,True,France,,,True,True,"Arrow-2 and Arrow-3 engaged incoming ballistic missiles. US Navy destroyers fired SM-3 interceptors. Despite interceptions, 20-32 missiles struck Nevatim Airbase area and 3 struck Tel Nof area per satellite analysis.",100.0,100.0,0.0,100.0,,Nevatim Airbase: hangar and taxiway damaged (20-32 impacts confirmed by satellite); Tel Nof Airbase: several impacts; Gedera: school building hit,1.0,4.0,5.0,,False,False,False,No proxy coordination — TP2 was a unilateral IRGC operation unlike the multi-front TP1,"First wave of approximately 100 ballistic missiles targeting Israeli military airbases and intelligence facilities. Unlike TP1, no drones or cruise missiles were used — Iran opted for a purely ballistic approach to minimize warning time. Missiles included Emad, Ghadr-H, Ghadr-F, and Kheibar Shekan. Iran gave only a few hours' warning to Arab states (compared to 72 hours in TP1).",,IDF reported approximately 200 ballistic missiles fired in two waves,"https://en.wikipedia.org/wiki/October_2024_Iranian_strikes_on_Israel, https://www.npr.org/2024/10/04/nx-s1-5140058/satellite-images-dozens-iranian-missiles-struck-near-israeli-air-base",True,False,False,False,False,False,False,False,False,False,"True Promise 2 opened with a ballistic-missile-only salvo on 1 October 2024, a significant tactical shift from TP1's mixed drone/missile approach. Approximately 180–200 Emad and Ghadr ballistic missiles targeted Nevatim, Tel Nof, and Hatzerim airbases. The absence of slow-moving drones meant defenders had far less warning time. Some missiles penetrated Israeli defenses, impacting near Nevatim."
tp2_w02,tp2,2,,Second Ballistic Salvo (Fattah-1),,,2024-10-01T16:45:00Z,2024-10-01T19:45:00+0300,2024-10-01T20:15:00+0330,0.0,0.0,1,0.25,15.0,,"Fattah-1 hypersonic missiles, Emad, Kheibar Shekan ballistic missiles",False,True,False,True,False,False,True,True,False,False,False,,,False,True,True,True,True,,False,,,,,,True,False,"Mossad/Unit 8200 HQ at Glilot (north Tel Aviv), Nevatim Airbase, Tel Nof Airbase","IL, JO, PS","Israel, Jordan, Palestine",True,False,False,True,False,False,,,32.15,34.79,False,IRGC Aerospace Force launch sites in western Iran,33.5,50.0,False,True,"Arrow-2, Arrow-3, David's Sling",True,True,False,False,,,,True,True,"Most missiles intercepted. Closest impact to Mossad HQ was approximately 500m. Fattah-1 hypersonic missile performance debated — Israel claimed successful interception, Iran claimed successful penetration.",100.0,100.0,0.0,200.0,,Missiles landed near Mossad/Unit 8200 HQ (~500m); homes and restaurant damaged in north Tel Aviv area; additional impacts at Nevatim and Tel Nof,1.0,4.0,5.0,,False,True,False,,"Second wave included Iran's Fattah-1 hypersonic missile in its first confirmed combat use, alongside additional Emad and Kheibar Shekan missiles. This wave targeted the Mossad/Unit 8200 headquarters complex at Glilot near Tel Aviv in addition to the airbases. Satellite imagery later showed missiles landing approximately 500m from the Mossad complex.",,,"https://en.wikipedia.org/wiki/October_2024_Iranian_strikes_on_Israel, https://english.iswnews.com/36492/operation-true-promise-ii-review-on-irans-missile-attack-on-israeli-regime/, https://defensemirror.com/news/37814/Iran_Releases_Info_on_Missiles_Used_in____Operation_True_Promise_II____against_Israel",True,False,False,False,True,False,True,False,False,False,"The second wave of TP2 targeted the Mossad/Unit 8200 headquarters complex at Glilot north of Tel Aviv, marking the first Iranian strike aimed at Israeli intelligence infrastructure. Nevatim and Tel Nof airbases were also targeted again. Two fatalities were reported — the first confirmed deaths from a direct Iranian strike on Israel. The all-ballistic approach of TP2 demonstrated Iran's evolving understanding that fast-moving missiles were more effective at penetrating Israeli defenses than the mixed salvos of TP1."
tp3_w01,tp3,1,,,2025-06-13T18:30:00Z,IRGC,2025-06-13T18:30:00Z,2025-06-13T21:30:00+0300,2025-06-14T00:00:00+0330,0.0,0.0,1,,,,"~100 ballistic missiles, drones",True,True,False,True,True,False,False,False,True,False,True,,,,True,False,False,False,,False,,,,,,True,False,"Military centers, air bases",IL,Israel,True,False,False,True,False,False,,,31.66,34.78,True,Western Iran,34.31,47.07,True,True,"Arrow-2, Arrow-3, THAAD, Iron Dome",True,True,False,False,,,,True,True,,100.0,100.0,0.0,,,Serious damage to sensitive military centers in Tel Aviv area,,,,,True,True,False,,,,,,True,False,False,False,False,False,False,False,False,False,"The opening salvo of the Twelve-Day War. Launched on 13 June 2025, this wave targeted military centres and air bases across Israel with ballistic missiles. It marked the beginning of Iran's most sustained aerial campaign to date, which would continue for 22 waves over 12 days."
tp3_w02,tp3,2,,,2025-06-13T19:30:00Z,IRGC,2025-06-13T19:30:00Z,2025-06-13T22:30:00+0300,2025-06-14T01:00:00+0330,0.0,0.0,1,1.0,,,"Ballistic missiles, drones",True,True,False,True,True,False,False,False,True,False,True,,,,True,False,False,False,,False,,,,,,True,False,"Haifa, Galilee",IL,Israel,False,False,True,False,True,False,,,32.835,35.25,True,Western Iran,34.31,47.07,True,True,"Arrow-2, Arrow-3, THAAD, Iron Dome",True,True,False,False,,,,True,True,,,,0.0,,,State of emergency declared across Israel,,,,,False,False,False,,,,,,False,False,False,False,False,False,False,False,False,False,"The second wave shifted targeting to Haifa and the Galilee region in northern Israel, expanding the geographic scope beyond the southern airbases that dominated TP1 and TP2. Ballistic missiles were used alongside drone swarms for the first time in TP3."
tp3_w03,tp3,3,يا علي بن أبي طالب,Ya Ali ibn Abi Talib,2025-06-14T15:00:00Z,IRGC,2025-06-14T15:00:00Z,2025-06-14T18:00:00+0300,2025-06-14T20:30:00+0330,5.0,5.0,2,19.5,,,Dozens of missiles and drones,True,True,False,True,True,False,False,False,True,False,True,,,,True,False,False,False,,False,,,,,,True,False,Occupied territories — penetrated multiple defense layers,IL,Israel,True,False,False,False,False,False,,,32.07,34.77,True,Western Iran,34.31,47.07,True,True,"Arrow-2, Arrow-3, THAAD, Iron Dome",True,True,False,False,,,,True,True,,,,0.0,,,,,,,,False,False,False,,,,,,False,False,False,False,False,False,False,False,False,False,A significant wave that Iran claimed penetrated multiple Israeli defense layers and struck targets in the occupied territories. This represented an escalation in Iranian rhetoric about the effectiveness of their strikes.
tp3_w04,tp3,4,,,2025-06-14T19:00:00Z,IRGC,2025-06-14T19:00:00Z,2025-06-14T22:00:00+0300,2025-06-15T00:30:00+0330,0.0,0.0,2,4.0,,,Ballistic missiles,False,True,False,True,True,False,False,False,False,False,,,,,True,False,False,False,,False,,,,,,True,False,"Tel Aviv, Haifa, other cities",IL,Israel,True,False,True,False,False,False,,,32.445,34.885,True,Western Iran,34.31,47.07,True,True,"Arrow-2, Arrow-3, THAAD, Iron Dome",True,True,False,False,,,,True,True,,,,0.0,,,Continued escalation — strikes on urban areas,,,,,False,False,False,,,,,,False,False,False,False,False,False,False,False,True,False,"A multi-city bombardment targeting both Tel Aviv and Haifa simultaneously, forcing Israel to defend across a wide geographic front. This dual-axis approach became a hallmark of TP3's middle waves."
tp3_w05,tp3,5,,,2025-06-15T05:00:00Z,IRGC,2025-06-15T05:00:00Z,2025-06-15T08:00:00+0300,2025-06-15T10:30:00+0330,5.0,5.0,3,10.0,,,Ballistic missiles,False,True,False,True,True,False,False,False,False,False,,,,,True,False,False,False,,False,,,,,,True,False,"Haifa oil refinery, military targets",IL,Israel,False,False,True,False,False,False,,,32.82,35.0,True,Western Iran,34.31,47.07,True,True,"Arrow-2, Arrow-3, THAAD, Iron Dome",True,True,False,False,,,,True,True,,,,0.0,,,Haifa oil refinery directly hit and shut down,,,,,False,False,True,Houthis joined from Yemen with coordinated launches,,,,,False,False,False,False,False,False,False,True,False,False,This wave marked the first targeting of critical civilian infrastructure — specifically the Haifa oil refinery — alongside military targets. The expansion to economic infrastructure signalled an escalation in Iranian targeting doctrine.
tp3_w06,tp3,6,,,2025-06-15T15:00:00Z,IRGC,2025-06-15T15:00:00Z,2025-06-15T18:00:00+0300,2025-06-15T20:30:00+0330,5.0,5.0,3,10.0,,,Missiles,False,True,False,True,True,False,False,False,False,False,,,,,True,False,False,False,,False,,,,,,True,False,"Israeli C2 centers, Haifa, Tel Aviv; Bat Yam struck",IL,Israel,True,False,True,False,False,False,,,32.445,34.885,True,Western Iran,34.31,47.07,True,True,"Arrow-2, Arrow-3, THAAD, Iron Dome",True,True,False,False,,,,True,True,,,,0.0,,,"Bat Yam residential building struck — 9 killed (incl. 5 Ukrainian nationals), 200+ injured, 61 buildings damaged. Worst single incident of the war.",9.0,200.0,9.0,0.0,False,False,True,Coordinated Houthi/Yemen simultaneous launch,,,,,False,False,False,False,True,False,False,False,True,False,"A wave targeting Israeli command and control centres in Haifa and Tel Aviv. Bat Yam, south of Tel Aviv, was struck — one of the first confirmed impacts in a densely populated residential area during TP3."
tp3_w07,tp3,7,,,2025-06-16T04:00:00Z,IRGC,2025-06-16T04:00:00Z,2025-06-16T07:00:00+0300,2025-06-16T09:30:00+0330,5.0,5.0,4,13.0,,,Missiles,False,True,False,True,True,False,False,False,False,False,,,,,True,False,False,False,,False,,,,,,True,False,"Tel Aviv, Haifa — enhanced intelligence-guided targeting",IL,Israel,True,False,True,False,False,False,,,32.445,34.885,True,Western Iran,34.31,47.07,True,True,"Arrow-2, Arrow-3, THAAD, Iron Dome",True,True,False,False,,,,True,True,,,,0.0,,,,,,,,False,False,True,Continued Houthi coordination,,,,,False,False,False,False,False,False,True,False,False,False,"Iran claimed this wave used enhanced intelligence-guided targeting against Tel Aviv and Haifa, suggesting improved battle damage assessment and target refinement from earlier waves. This indicated a feedback loop between Iranian ISR and strike planning."
tp3_w08,tp3,8,,,2025-06-16T00:00:00Z,IRGC,2025-06-16T00:00:00Z,2025-06-16T03:00:00+0300,2025-06-16T05:30:00+0330,0.0,0.0,4,,,,Hundreds of missiles,False,True,False,True,True,False,False,False,False,False,,,,,True,False,False,False,,False,,,,,,True,False,"Strategic/sensitive targets in Tel Aviv, Haifa — C2 systems targeted",IL,Israel,True,False,True,False,False,False,,,32.445,34.885,True,Western Iran,34.31,47.07,True,True,"Arrow-2, Arrow-3, THAAD, Iron Dome",True,True,False,False,,,,True,True,,,,0.0,,,Targeted command and control systems,,,,,False,False,False,,,,,,False,False,False,False,True,False,False,False,False,False,"Targeting described as strategic and sensitive sites in Tel Aviv and Haifa, with specific focus on C2 (command and control) systems. The progressive focus on C2 nodes suggested an attempt to degrade Israeli coordination capabilities."
tp3_w09,tp3,9,,,2025-06-16T12:00:00Z,IRGC,2025-06-16T12:00:00Z,2025-06-16T15:00:00+0300,2025-06-16T17:30:00+0330,5.0,5.0,4,,,,Missiles,False,True,False,True,True,False,False,False,False,False,,,,,True,False,False,False,,False,,,,,,True,False,"Haifa, Tel Aviv — continued bombardment",IL,Israel,True,False,True,False,False,False,,,32.445,34.885,True,Western Iran,34.31,47.07,True,True,"Arrow-2, Arrow-3, THAAD, Iron Dome",True,True,False,False,,,,True,True,,,,0.0,,,,,,,,False,False,False,,,,,,False,False,False,False,False,False,False,False,False,False,"A continuation wave maintaining pressure on Haifa and Tel Aviv. By this point in the campaign, the sustained tempo was testing Israeli air defense ammunition stocks and crew endurance."
tp3_w10,tp3,10,,,2025-06-17T08:00:00Z,IRGC,2025-06-17T08:00:00Z,2025-06-17T11:00:00+0300,2025-06-17T13:30:00+0330,5.0,5.0,5,,,,Large-scale missile barrage,False,True,False,True,True,False,False,False,False,False,,,,,True,False,False,False,,False,,,,,,True,False,Israeli airbases from which jets attacked Iran,IL,Israel,True,False,False,True,True,False,,,32.0567,35.02,True,Western Iran,34.31,47.07,True,True,"Arrow-2, Arrow-3, THAAD, Iron Dome",True,True,False,False,,,,True,True,,,,0.0,,,Nevatim Airbase absorbed ~32 MRBMs; direct hit on hardened F-35I shelter (IDF claimed no aircraft damaged). Glilot intel base hit. Tel Nof base hit. Kirya HQ damaged.,,,,,False,False,False,,,,,https://www.tehrantimes.com/news/514571/IRGC-targets-Israeli-airbases-in-tenth-wave-of-True-Promise-III,True,False,False,False,False,False,False,False,False,False,"This wave specifically targeted Israeli airbases from which jets had launched strikes against Iran, marking a direct retaliatory link between Israeli offensive operations and Iranian target selection."
tp3_w11,tp3,11,,,2025-06-17T23:00:00Z,IRGC,2025-06-17T23:00:00Z,2025-06-18T02:00:00+0300,2025-06-18T04:30:00+0330,0.0,0.0,5,15.0,,,"Fattah-1 (first combat use in TP3), Emad, Ghadr, others",False,True,False,True,True,False,False,True,False,False,,,,,True,True,True,True,,False,,,,,,True,False,"Air defense radars, military targets — Fattah used to destroy radar systems, clearing path for follow-on missiles",IL,Israel,False,False,False,True,False,False,,,31.25,34.79,True,Western Iran,34.31,47.07,True,True,"Arrow-2, Arrow-3, THAAD",True,True,False,False,,,,True,True,,,,0.0,,,Fattah-1 used to destroy air defense radar systems,,,,,False,True,False,,,,,,False,False,False,False,False,False,True,False,False,False,A tactically significant wave that used Fattah hypersonic missiles to target and reportedly destroy Israeli air defense radar systems. Iran framed this as a SEAD (Suppression of Enemy Air Defenses) operation designed to clear the path for follow-on missile waves — a doctrinal first for Iranian forces.
tp3_w12,tp3,12,,,2025-06-19T18:00:00Z,IRGC,2025-06-19T18:00:00Z,2025-06-19T21:00:00+0300,2025-06-19T23:30:00+0330,0.0,0.0,7,,,,"Sejjil (~8 missiles, first combat deployment), other MRBMs",False,True,False,True,True,True,False,False,False,False,,,,,True,True,False,False,,False,,,,,,True,False,"Tel Aviv — ultra-heavy, long-range, two-stage Sejjil missiles",IL,Israel,True,False,False,False,False,False,,,32.07,34.77,True,Central/western Iran,34.31,47.07,True,True,"Arrow-2, Arrow-3, THAAD",True,True,False,False,,,,True,True,,8.0,8.0,0.0,,,,,,,,False,True,False,,,,,https://english.almayadeen.net/news/politics/op--true-promise-3--wave-12-launched--sejjil-deployed-in-fir,False,False,False,False,False,False,False,False,False,False,"The first combat use of Iran's Sejjil two-stage solid-fuel ballistic missile against Tel Aviv. The Sejjil's longer range and faster flight time represented a qualitative escalation in the weapons employed. These ultra-heavy, long-range missiles were designed to stress Israel's upper-tier Arrow interceptors."
tp3_w13,tp3,13,,,2025-06-20T00:00:00Z,IRGC,2025-06-20T00:00:00Z,2025-06-20T03:00:00+0300,2025-06-20T05:30:00+0330,0.0,0.0,8,6.0,,,Missiles and drones,True,True,False,True,True,False,False,False,True,False,True,,,,True,False,False,False,,False,,,,,,True,False,"Military sites, military industry in Haifa/Tel Aviv",IL,Israel,True,False,True,False,False,False,,,32.445,34.885,True,Western Iran,34.31,47.07,True,True,"Arrow-2, Arrow-3, Iron Dome",True,True,False,False,,,,True,True,,,,0.0,,,,,,,,False,False,False,,,,,,False,False,False,False,False,True,False,False,False,False,A wave targeting military sites and military industrial facilities in the Haifa and Tel Aviv areas. The targeting of defense industry suggested an attempt to degrade Israel's capacity to sustain military operations and replenish interceptor stocks.
tp3_w14,tp3,14,,,2025-06-20T08:00:00Z,IRGC,2025-06-20T08:00:00Z,2025-06-20T11:00:00+0300,2025-06-20T13:30:00+0330,5.0,5.0,8,8.0,,,Missiles and drones,True,True,False,True,True,False,False,False,True,False,True,,,,True,False,False,False,,False,,,,,,True,False,Military/industrial facilities,IL,Israel,True,False,True,False,False,False,,,32.445,34.885,True,Western Iran,34.31,47.07,True,True,"Arrow-2, Arrow-3, Iron Dome",True,True,False,False,,,,True,True,,,,0.0,,,,,,,,False,False,False,,,,,,False,False,False,False,False,False,False,False,False,False,Continued strikes on military and industrial facilities. The sustained nature of the campaign by this point — over a week of near-daily waves — was unprecedented in modern missile warfare.
tp3_w15,tp3,15,,,2025-06-20T12:00:00Z,IRGC,2025-06-20T12:00:00Z,2025-06-20T15:00:00+0300,2025-06-20T17:30:00+0330,5.0,5.0,8,4.0,,,New-generation missiles,False,True,False,False,False,False,False,False,False,False,,,,,False,True,False,False,,False,,,,,,True,False,Military targets — new phase of campaign,IL,Israel,False,False,False,False,False,False,,,,,,Western Iran,34.31,47.07,True,True,"Arrow-2, Arrow-3, THAAD",True,True,False,False,,,,True,True,,,,0.0,,,,,,,,False,False,False,,,,,https://www.tehrantimes.com/news/514649/IRGC-launches-fifteenth-wave-of-Operation-True-Promise-III,False,False,False,False,False,False,False,False,False,False,"Iran announced this wave as a new phase of the campaign, suggesting a deliberate operational pause and reassessment before resuming strikes. Military targets remained the stated focus."
tp3_w16,tp3,16,,,2025-06-20T20:00:00Z,IRGC,2025-06-20T20:00:00Z,2025-06-20T23:00:00+0300,2025-06-21T01:30:00+0330,0.0,0.0,8,8.0,,,Missiles,False,True,False,True,True,False,False,False,False,False,,,,,True,False,False,False,,False,,,,,,True,False,Military targets,IL,Israel,False,False,False,False,False,False,,,,,,Western Iran,34.31,47.07,True,True,"Arrow-2, Arrow-3, THAAD",True,True,False,False,,,,True,True,,,,0.0,,,,,,,,False,False,False,,,,,,False,False,False,False,False,False,False,False,False,False,"A military-focused wave continuing the declared new phase. The cumulative effect of 16 waves was placing enormous strain on Israel's interceptor stockpiles, particularly Arrow-3 and David's Sling missiles."
tp3_w17,tp3,17,,,2025-06-21T06:00:00Z,IRGC,2025-06-21T06:00:00Z,2025-06-21T09:00:00+0300,2025-06-21T11:30:00+0330,5.0,5.0,9,10.0,,,Missiles,False,True,False,True,True,False,False,False,False,False,,,,,True,False,False,False,,False,,,,,,True,False,Military/strategic targets,IL,Israel,False,False,False,False,False,False,,,,,,Western Iran,34.31,47.07,True,True,"Arrow-2, Arrow-3, THAAD",True,True,False,False,,,,True,True,,,,0.0,,,,,,,,False,False,False,,,,,,False,False,False,False,False,False,False,False,False,False,Strikes on military and strategic targets. The campaign had by this point settled into a pattern of daily waves designed to maintain continuous pressure rather than achieve a single decisive blow.
tp3_w18,tp3,18,,,2025-06-21T14:00:00Z,IRGC,2025-06-21T14:00:00Z,2025-06-21T17:00:00+0300,2025-06-21T19:30:00+0330,5.0,5.0,9,8.0,,,"Shahed-136 drones and precision missiles — new innovations in missile selection, target choice, and guidance paths",True,True,False,True,True,False,False,False,True,False,True,,,,True,False,False,False,,False,,,,,,True,False,"14 strategic military sites: Hadera power plant, Haifa oil refinery, Ovda airbase (cyber command), Kiryat Gat semiconductor zone, Rafael center Haifa",IL,Israel,False,False,True,True,True,True,,,31.62,35.06,True,Western Iran,34.31,47.07,True,True,"Arrow-2, Arrow-3, THAAD, Iron Dome",True,True,False,False,,,,True,True,,,,0.0,,,"14 strategic military sites targeted including Hadera power plant, Haifa oil refinery, Ovda airbase (cyber command), Kiryat Gat semiconductor zone, Rafael center Haifa. Bazan Oil Refinery struck (3 killed, refinery shut down). Haifa Power Plant struck (fire).",3.0,,,,False,False,False,,,,,https://www.presstv.ir/Detail/2025/06/21/750020/irgc-14-strategic-military-sites-hit-18th-phase-true-promiseiii,True,False,False,False,False,True,False,True,False,False,"One of the most significant waves of TP3, targeting 14 named strategic military sites including the Hadera power plant, Haifa oil refinery, Ovda airbase (home to cyber command), the Kiryat Gat semiconductor zone, and the Rafael advanced defense systems centre in Haifa. This wave demonstrated detailed Iranian intelligence on Israeli critical infrastructure."
tp3_w19,tp3,19,,,2025-06-22T06:00:00Z,IRGC,2025-06-22T06:00:00Z,2025-06-22T09:00:00+0300,2025-06-22T11:30:00+0330,5.0,5.0,10,16.0,,,Combined missiles and drones — large combined operation,True,True,False,True,True,False,False,False,True,False,True,,,,True,False,False,False,,False,,,,,,True,False,Strategic targets — large combined operation,IL,Israel,True,False,True,False,False,False,,,32.445,34.885,True,Western Iran,34.31,47.07,True,True,"Arrow-2, Arrow-3, THAAD, Iron Dome",True,True,False,False,,,,True,True,,,,0.0,,,,,,,,False,False,False,,,,,,False,False,False,False,False,False,False,False,False,False,Described by Iran as a large combined operation against strategic targets. This wave involved both drone swarms and ballistic missiles in a coordinated strike designed to saturate defenses from multiple vectors simultaneously.
tp3_w20,tp3,20,,,2025-06-22T10:00:00Z,IRGC,2025-06-22T10:00:00Z,2025-06-22T13:00:00+0300,2025-06-22T15:30:00+0330,5.0,5.0,10,4.0,,,"40 missiles (solid + liquid fuel), Kheibar Shekan multi-warhead variant (first use)",False,True,False,True,True,False,True,False,False,False,,,,,True,True,True,False,,False,,,,,,True,False,"Ben Gurion Airport, biological research centers, C2 facilities",IL,Israel,True,False,False,False,False,False,,,32.07,34.77,True,Central/western Iran,34.31,47.07,True,True,"Arrow-2, Arrow-3, THAAD",True,True,False,False,,,,True,True,10 of 27 ballistic missiles hit Israel — highest single-wave penetration rate (~37%),40.0,40.0,0.0,,,Ben Gurion Airport temporarily shut down; flight diversions for 36 hours,,,,,False,True,False,,,,,https://www.newsonair.gov.in/iran-launches-true-promise-3-wave-20-missile-strike-on-israel-targeting-ben-gurion-airport-military-facilities/,False,False,False,False,True,False,False,True,False,False,"A major escalation targeting Ben Gurion Airport (Israel's primary international airport), biological research centres, and C2 facilities. Striking the airport represented a direct threat to Israel's connectivity with the outside world and its ability to receive military resupply."
tp3_w21,tp3,21,,,2025-06-23T09:00:00Z,IRGC,2025-06-23T09:00:00Z,2025-06-23T12:00:00+0300,2025-06-23T14:30:00+0330,5.0,5.0,11,23.0,,,"Kheibar/Qadr-H multi-warhead (first use), new-gen missiles",False,True,False,False,True,False,True,False,False,False,,,,,True,True,True,False,,False,,,,,,True,False,Military/strategic targets — new tactics for precision and destructiveness,IL,Israel,True,False,False,False,False,False,,,32.07,34.77,True,Central/western Iran,34.31,47.07,True,True,"Arrow-2, Arrow-3, THAAD",True,True,False,False,,,,True,True,,,,0.0,,,,,,,,False,False,False,,,,,,False,False,False,False,False,False,False,False,False,False,Iran claimed new tactics for precision and destructiveness in this wave against military and strategic targets. The language suggested the introduction of updated guidance systems or warhead configurations refined based on lessons from earlier waves.
tp3_w22,tp3,22,,,2025-06-24T03:30:00Z,IRGC,2025-06-24T03:30:00Z,2025-06-24T06:30:00+0300,2025-06-24T09:00:00+0330,5.0,5.0,12,18.5,,,14 missiles — final wave before ceasefire,False,True,False,True,True,False,False,False,False,False,,,,,True,False,False,False,,False,,,,,,True,False,Military and logistical centers — final wave minutes before US-brokered ceasefire,IL,Israel,False,False,False,True,False,False,,,31.25,34.79,True,Western Iran,34.31,47.07,True,True,"Arrow-2, Arrow-3, THAAD",True,True,False,False,,,,True,True,,14.0,14.0,0.0,,,"Beersheba residential building struck at 5:40am IST. 4 killed, 20 injured. Final missiles until 7:10am. IRGC called it a 'historic lesson'.",4.0,20.0,4.0,,False,False,False,,,,,"https://www.presstv.co.uk/Detail/2025/06/24/750102/last-wave-op-true-promiseiii-delivered-historic-lesson-zionist-enemy-irgc, https://english.almayadeen.net/news/politics/irgc--22nd-wave-of-operation-true-promise-3-taught--israel",False,False,False,False,False,False,False,False,False,False,"The final wave of the Twelve-Day War, striking military and logistical centres in the last minutes before a US-brokered ceasefire took effect. The timing — launching right up to the ceasefire deadline — was a deliberate signal of Iranian resolve and willingness to continue. Over 22 waves, TP3 had launched an estimated 1,600–1,800 munitions at Israel."
tp4_w01,tp4,1,,,2026-02-28T18:30:00Z,IRGC,2026-02-28T18:00:00Z,2026-02-28T20:00:00+0200,2026-02-28T21:30:00+0330,0.0,0.0,1,,,,"Emad and Ghadr ballistic missiles, Shahed-136 drones",True,True,False,True,True,False,False,False,True,False,True,,,,True,False,False,False,,False,,,,,,True,True,"Nevatim airbase, Tel Aviv, US military facilities in Persian Gulf; USN Fifth Fleet HQ Bahrain; Port Jebel Ali UAE; Duqm port Oman (2 drones, 1 injured); Tankers off Oman coast","AE, BH, IL, IQ, JO, OM, QA","Bahrain, Iraq, Israel, Jordan, Oman, Qatar, United Arab Emirates",True,False,False,True,False,False,Mina Salman Naval Base,,31.07,34.79,False,Multiple sites in western Iran including Kermanshah and Tabriz regions,34.31,47.07,False,True,"Arrow-2, Arrow-3, Iron Dome, Aegis BMD / SM-3, THAAD, Patriot PAC-3",True,True,True,True,"France, UAE",,,True,True,Multi-layered coalition defense. US Navy destroyers engaged with SM-3. Arrow-3 exoatmospheric intercepts. Allied jets intercepted drones over Iraq/Jordan.,,,,,,"Impacts reported in Tel Aviv (1 fatality, 21 injuries) and Bnei Brak (several injuries). Damage to US facilities in Gulf region.",2.0,21.0,2.0,0.0,True,True,False,,First wave of Operation True Promise 4; large-scale coordinated attack with drones to saturate defenses followed by ballistic missiles. Launched hours after US-Israeli Operation Epic Fury/Roaring Lion strikes on Iran.,,IDF reports high interception rate in coordination with allies; minor damage to one base,,True,True,True,True,False,False,False,False,False,False,"The opening wave of True Promise 4 on 28 February 2026 marked a fundamental expansion of Iran's targeting doctrine. For the first time, US military facilities in the Persian Gulf were targeted alongside Israeli sites — including the USN Fifth Fleet headquarters in Bahrain, Port Jebel Ali in the UAE, and Duqm port in Oman. Nevatim Airbase and Tel Aviv were also hit. This wave shattered the geographic boundaries of the conflict."
tp4_w02,tp4,2,,,2026-02-28T21:00:00Z,IRGC,2026-02-28T20:30:00Z,2026-02-28T22:30:00+0200,2026-03-01T00:00:00+0330,0.0,0.0,1,2.5,,,"Ballistic missiles, Shahed-136 drones",True,True,False,True,True,False,False,False,True,False,True,,,,True,False,False,False,,False,,,,,,True,True,"Tel Aviv, US bases in Iraq","IL, IQ","Iraq, Israel",True,False,False,False,False,False,,,32.07,34.77,True,Western Iran,34.31,47.07,False,True,"Arrow-2, Arrow-3, Iron Dome, Patriot PAC-3",True,True,False,False,,,,True,True,,,,,,,,0.0,0.0,0.0,0.0,False,False,False,,Second wave continuing initial retaliatory barrage on Feb 28; 2-4 missiles per salvo pattern observed.,,,https://www.presstv.ir/Detail/2026/02/28/764843/irgc-launches-new-waves-true-promise-pummeling-occupied-territories,False,True,False,False,False,False,False,False,False,False,"The second wave struck Tel Aviv and US bases in Iraq, confirming that the TP4 expansion to American targets was not a one-off escalation but a sustained new doctrine. The targeting of Iraq-based US forces opened a second geographic axis."
tp4_w03,tp4,3,,,2026-02-28T23:45:00Z,IRGC,2026-02-28T23:30:00Z,2026-03-01T01:30:00+0200,2026-03-01T03:00:00+0330,0.0,0.0,1,3.0,,,"Advanced ballistic missiles, drones, cruise missiles",True,True,True,,,,,,True,False,True,,,,False,False,False,False,,False,,,,,,True,True,"Israeli naval base in Haifa, warship dock in Haifa, Ramat David Air Base, HaKirya (Ministry of War) Tel Aviv, Abdullah Al-Mubarak Air Base Kuwait, Harir base Iraq, Prince Sultan Air Base Saudi Arabia; Crowne Plaza Hotel Manama Bahrain; Etihad Towers Abu Dhabi (drone intercepted, debris damage); French base Camp de la Paix Abu Dhabi; Al-Salam Naval Base Abu Dhabi; Saudi oil refinery","AE, BH, IL, IQ, JO, KW, SA","Bahrain, Iraq, Israel, Jordan, Kuwait, Saudi Arabia, United Arab Emirates",True,False,True,False,True,False,"Abdullah Al-Mubarak Air Base, Harir Air Base",,32.58,35.09,True,Western and southwestern Iran,34.31,47.07,False,True,"Arrow-2, Iron Dome, Patriot PAC-3",True,True,False,False,,,,False,True,,35.0,,,35.0,,Abdullah Al-Mubarak Air Base in Kuwait reportedly disabled. Damage to Harir base in Iraq.,0.0,0.0,0.0,0.0,True,True,False,,Third wave; IRGC announced using more advanced missiles than True Promise 3. Expanded targeting to Gulf logistics infrastructure.,,,,True,True,True,True,True,False,False,True,True,False,"A massive multi-axis wave targeting the Israeli naval base and warship dock in Haifa, Ramat David Air Base, the HaKirya military headquarters in Tel Aviv, and multiple US/coalition bases across Kuwait, Iraq, and Saudi Arabia. Notably, the French base Camp de la Paix in Abu Dhabi was also targeted — expanding the conflict to non-US coalition forces. Etihad Towers in Abu Dhabi and the Crowne Plaza Hotel in Manama were struck, raising civilian casualty concerns."
tp4_w04,tp4,4,,,2026-03-01T01:00:00Z,IRGC,2026-03-01T00:45:00Z,2026-03-01T02:45:00+0200,2026-03-01T04:15:00+0330,0.0,0.0,2,1.2,,,"Kheibar Shekan ballistic missiles, drones",True,True,False,False,False,False,True,False,True,False,True,,,,False,True,False,False,,False,,,,,,True,True,"Beit Shams military-industrial complex, Ishtod military-industrial complex, US bases in Kuwait and Iraq","IL, IQ, KW","Iraq, Israel, Kuwait",True,False,False,True,False,False,,,31.66,34.78,True,Western Iran,34.31,47.07,False,True,"Arrow-2, Iron Dome, Patriot PAC-3",True,True,False,False,,,,False,True,,,,,35.0,,Continued strikes on Gulf and Israeli targets,0.0,0.0,0.0,0.0,False,False,False,,Fourth wave; continued expansion of targeting to military-industrial sites in Israel and Gulf bases.,,,"https://en.irna.ir/news/86089924/Third-and-fourth-waves-of-True-Promise-4-underway-IRGC, https://www.bernama.com/en/world/news.php?id=2528973",False,True,False,False,False,True,False,False,False,False,Strikes on the Beit Shams and Ishtod military-industrial complexes in Israel alongside US bases in Kuwait and Iraq. The targeting of defense industrial facilities echoed TP3's attempts to degrade Israeli military production capacity.
tp4_w05,tp4,5,,,2026-03-01T04:00:00Z,IRGC,2026-03-01T03:30:00Z,2026-03-01T05:30:00+0200,2026-03-01T07:00:00+0330,4.0,2.0,2,2.8,,,"Ballistic missiles, drones, cruise missiles",True,True,True,,,,,,True,False,True,,,,False,False,False,False,,False,,,,,,False,True,"American vessels in Indian Ocean, Abdullah Mubarak naval base Kuwait; Two missiles fired towards British bases on Cyprus (denied by Cyprus MoD)","CY, IO, KW","British Indian Ocean Territory, Cyprus, Kuwait",False,False,False,False,False,False,Abdullah Al-Mubarak Air Base,"MSP ammunition ship, MST fuel support ship",29.24,47.97,True,"Western Iran, IRGC naval positions",34.31,47.07,True,,,,False,True,False,,,,,False,,,,,,,IRGC claims strikes on American vessels and Abdullah Mubarak naval base in Kuwait. Oil tanker reportedly struck in Indian Ocean.,0.0,0.0,0.0,0.0,True,False,False,,Fifth wave; shift to maritime and Gulf targets. IRGC Navy involvement. MSP and MST logistics vessels in Indian Ocean reportedly struck (unverified).,,,,False,True,True,True,False,False,False,False,False,False,"A maritime-focused wave targeting American vessels in the Indian Ocean and the Abdullah Mubarak naval base in Kuwait. Two missiles were reportedly fired towards British bases on Cyprus, though this was denied by the Cyprus Ministry of Defence. If confirmed, this would represent the first targeting of European territory."
tp4_w06,tp4,6,,,2026-03-01T08:00:00Z,IRGC,2026-03-01T07:30:00Z,2026-03-01T09:30:00+0200,2026-03-01T11:00:00+0330,5.0,5.0,2,4.0,,,"Ballistic missiles, drones",True,True,False,,,,,,True,False,True,,,,False,False,False,False,,False,,,,,,True,False,"Tel Nof Air Base, HaKirya headquarters (Israeli Defense Ministry/military command) Tel Aviv, Israeli Navy base Haifa, Haifa military naval yard",IL,Israel,True,False,True,False,False,False,,,32.445,34.885,True,Western Iran,34.31,47.07,False,True,"Arrow-2, Arrow-3, David's Sling, Iron Dome",True,True,False,False,,,,True,True,,,,,,,"IRGC claims hits on Tel Nof Air Base, HaKirya HQ, and Haifa naval installations",0.0,0.0,0.0,0.0,False,False,False,,Sixth wave; escalation to targeting Israeli political-military command infrastructure in dense urban Tel Aviv. IRGC signaling ability to strike leadership centers.,,,https://english.almayadeen.net/news/politics/irgc-launches-sixth-wave-of-true-promise-4--retaliation-cont,True,False,True,False,True,False,False,False,False,False,"Strikes on Tel Nof Air Base, the HaKirya headquarters complex (IDF General Staff and Ministry of Defense) in Tel Aviv, and the Israeli Navy base and military naval yard in Haifa. This wave concentrated on high-value Israeli military command nodes."
tp4_w07,tp4,7,,,2026-03-01T14:00:00Z,IRGC / Tasnim News Agency,2026-03-01T13:30:00Z,2026-03-01T15:30:00+0200,2026-03-01T17:00:00+0330,5.0,5.0,2,6.0,,,"Ballistic missiles, drones, cruise missiles",True,True,True,,,,,,True,False,True,,,,False,False,False,False,,False,,,,,,True,True,"US/British oil tankers in Persian Gulf/Strait of Hormuz, Ali Al-Salem naval base Kuwait, Mohammed Al-Ahmad Naval Base Kuwait, Mina Salman US naval base Bahrain, USS Abraham Lincoln; Prince Sultan Airbase and King Khalid International Airport Saudi Arabia (intercepted); AWS data center UAE","AE, BH, IL, IO, KW, SA","Bahrain, British Indian Ocean Territory, Israel, Kuwait, Saudi Arabia, United Arab Emirates",False,False,False,False,False,False,"Ali Al-Salem Air Base, Mohammed Al-Ahmad Naval Base, Mina Salman Naval Base",USS Abraham Lincoln,29.35,47.52,True,"Western Iran, IRGC naval positions",34.31,47.07,True,,,,False,True,False,,,,,False,,,,,,,Three US/British oil tankers in Persian Gulf struck and reportedly engulfed in fire. Ali Al-Salem naval base Kuwait shut down. Heavy damage to US base in Bahrain.,0.0,0.0,0.0,0.0,True,False,False,,Seventh wave; massive expansion to maritime targets. IRGC claims 4 ballistic missiles fired at USS Abraham Lincoln carrier. Three oil tankers struck. Major Gulf base attacks.,"{""verification_status"": ""unconfirmed"", ""source_category"": ""iranian_state_and_aligned_media"", ""bias_warning"": ""Pro-Iranian sources; damage/casualty claims likely exaggerated"", ""sources"": [""tasnimnews.ir""], ""claimed_targets"": [""US Fifth Fleet in Bahrain"", ""Installations in Qatar"", ""Installations in UAE"", ""Military sites in Tel Aviv"", ""Military sites in Haifa""], ""claimed_effects"": [""Forced Israeli settlers into underground shelters"", ""Netanyahu took refuge in fortified bunker""], ""claimed_timing"": ""Approximately 4:00 PM local time (Iran)"", ""irgc_statement_number"": null, ""notable_claims"": [""Combined 7th and 8th wave announcement""]}",,,True,True,True,True,False,False,False,True,False,False,"One of TP4's most geographically dispersed waves. Targets included US and British oil tankers in the Persian Gulf and Strait of Hormuz, multiple naval bases in Kuwait and Bahrain, the USS Abraham Lincoln carrier, Prince Sultan Airbase and King Khalid International Airport in Saudi Arabia, and an AWS data centre in the UAE. The targeting of cloud computing infrastructure was unprecedented."
tp4_w08,tp4,8,,,2026-03-01T18:00:00Z,IRGC / Tasnim News Agency,2026-03-01T17:30:00Z,2026-03-01T19:30:00+0200,2026-03-01T21:00:00+0330,0.0,0.0,2,4.0,,,"Ballistic missiles, drones",True,True,False,,,,,,True,False,True,,,,False,False,False,False,,False,,,,,,True,True,"Continued strikes on American and Israeli targets, regional US bases","BH, IL, KW","Bahrain, Israel, Kuwait",False,False,False,False,False,False,,,,,,Western Iran,34.31,47.07,True,,,,True,True,False,,,,,False,,,,,,,IRGC claims 560 US military killed/wounded across waves 7-8 (unverified). Continued tanker fires.,0.0,0.0,0.0,0.0,False,False,False,,Eighth wave; continuation of wave 7 operations. IRGC claims massive US casualties (560 killed/wounded - unverified). Large-scale drone deployments.,"{""verification_status"": ""unconfirmed"", ""source_category"": ""iranian_state_and_aligned_media"", ""bias_warning"": ""Pro-Iranian sources; damage/casualty claims likely exaggerated"", ""sources"": [""tasnimnews.ir""], ""claimed_targets"": [""US-operated bases across West Asia"", ""US Fifth Fleet in Bahrain"", ""Installations in Qatar"", ""Installations in UAE""], ""claimed_effects"": [], ""irgc_statement_number"": null, ""notable_claims"": [""Combined announcement with wave 7""]}",,,False,True,False,False,False,False,False,False,False,False,A continuation wave maintaining strikes on American and Israeli targets across regional US bases. The sustained tempo of TP4 — multiple waves per day — was designed to exhaust defensive systems and complicate coalition force protection.
tp4_w09,tp4,9,,,2026-03-01T22:00:00Z,IRGC,2026-03-01T21:30:00Z,2026-03-01T23:30:00+0200,2026-03-02T01:00:00+0330,0.0,0.0,2,4.0,,,"Ballistic missiles, drones",True,True,False,,,,,,True,False,True,,,,False,False,False,False,True,True,True,,,,,True,True,"US naval assets, Israeli defense systems, drones across multiple regions; RAF Akrotiri Cyprus (1 drone hit airfield, 5 intercepted, minor damage)","BH, CY, IL, KW, QA","Bahrain, Cyprus, Israel, Kuwait, Qatar",True,False,False,False,False,False,,,32.07,34.77,True,Western Iran,34.31,47.07,True,,,,True,True,False,,,,,True,,,,,,,IRGC claims strikes on 60 strategic targets and 500 combined US/Israeli sites since operation start. Cluster munition warhead strike near Tel Aviv injured 12.,9.0,40.0,9.0,0.0,True,False,False,,Ninth wave; IRGC claims 700+ drones and hundreds of missiles launched since operation began. Cluster munition warhead used against Tel Aviv area (12 injuries).,,,"https://english.almayadeen.net/news/politics/irgc-launches-ninth-wave-of-operation-true-promise-4, https://news-pravda.com/usa/2026/03/01/2113467.html",False,False,False,True,False,False,False,False,False,False,"Multi-domain strikes on US naval assets, Israeli defense systems, and drone operations across multiple regions. RAF Akrotiri in Cyprus was struck — one drone hit the airfield and five were intercepted, causing minor damage. This confirmed the expansion of Iranian targeting to European-administered military facilities."
tp4_w10,tp4,10,,,2026-03-02T04:00:00Z,IRGC,2026-03-02T03:30:00Z,2026-03-02T05:30:00+0200,2026-03-02T07:00:00+0330,4.0,2.0,3,6.0,360.0,,Kheibar Shekan maneuvering ballistic missiles,False,True,False,False,False,False,True,False,False,False,,,,,False,True,True,False,,False,,,,,,True,False,"Israeli government complex Tel Aviv, military/security centers Haifa, East Jerusalem; Netanyahu's office (Tel Aviv); Saudi Aramco facility","IL, SA","Israel, Saudi Arabia",True,True,True,True,False,False,,,32.09,34.78,False,Central Iran,33.5,52.0,True,,,,True,True,False,,,,,True,,,,,,,"IRGC claims hits on Israeli government complex in Tel Aviv, military/security centers in Haifa, and East Jerusalem. Strike in Beersheba injured at least 10.",0.0,10.0,0.0,0.0,False,True,True,"Hezbollah re-entered the conflict on March 2, launching rockets and drones at northern Israel from Lebanon. Coordinated with IRGC waves but operationally independent.","Tenth wave; featured advanced Kheibar Shekan maneuvering missiles (MaRV-equipped, Mach 8, 500-1500kg warhead). IRGC stated it 'opened the great gates of fire upon the occupied territories.'","{""verification_status"": ""partially_confirmed"", ""source_category"": ""iranian_state_and_aligned_media"", ""bias_warning"": ""Pro-Iranian sources; damage/casualty claims likely exaggerated"", ""sources"": [""wanaen.com"", ""caspianpost.com""], ""claimed_weapons"": [""Kheibar missiles""], ""claimed_targets"": [""Israeli government complex in Tel Aviv"", ""Military and security centres in Haifa"", ""East Jerusalem""], ""claimed_effects"": [""Opened 'great gates of fire' upon occupied territories""], ""irgc_statement_number"": 9, ""notable_claims"": [""Kheibar missile use confirmed by multiple sources"", ""IRGC issued evacuation warning to residents near military bases""]}",IDF assessing damage from advanced missile strikes,,False,False,False,False,True,False,False,True,False,False,"A decapitation-focused wave targeting the Israeli government complex in Tel Aviv, military and security centres in Haifa, East Jerusalem, and reportedly Netanyahu's office in Tel Aviv. A Saudi Aramco facility was also targeted. The explicit targeting of political leadership marked a new threshold in Iranian escalation."
tp4_w11,tp4,11,,,2026-03-02T10:00:00Z,IRGC,2026-03-02T09:30:00Z,2026-03-02T11:30:00+0200,2026-03-02T13:00:00+0330,5.0,5.0,3,6.0,,,"Missiles, drones",True,True,False,,,,,,True,False,True,,,,False,False,False,False,,False,,,,,,True,True,"US intelligence centers and military support warehouses in Persian Gulf, Israeli army communications complex Beersheba, 20+ sites in Tel Aviv/West Jerusalem/Galilee; Paphos Airport Cyprus (evacuated); Akrotiri Cyprus (sirens); Aramco Ras Tanura Saudi Arabia (refinery fire); Qatar LNG facilities; Mina Salman port Bahrain; Duqm/Oman maritime targets; US-Jordanian embassy evacuated","AE, BH, CY, IL, JO, KW, OM, QA, SA","Bahrain, Cyprus, Israel, Jordan, Kuwait, Oman, Qatar, Saudi Arabia, United Arab Emirates",True,True,False,True,True,False,Mina Salman Naval Base,,31.9875,35.07,True,Western Iran,34.31,47.07,True,,,,True,True,False,,,,,True,,,,,,,"IRGC claims strikes on US intelligence centers, military support warehouses in Persian Gulf, Israeli army communications complex in Beersheba, 20+ points in Tel Aviv/West Jerusalem/Galilee",0.0,0.0,0.0,0.0,True,False,True,"Hezbollah re-entered the conflict on March 2, launching rockets and drones at northern Israel from Lebanon. Coordinated with IRGC waves but operationally independent.",Eleventh wave; naval and aerospace IRGC units. Targeted communications and intelligence infrastructure. IRGC claims 500 sites targeted in preceding 48 hours.,"{""verification_status"": ""unconfirmed"", ""source_category"": ""iranian_state_and_aligned_media"", ""bias_warning"": ""Pro-Iranian sources; damage/casualty claims likely exaggerated"", ""sources"": [""ina.iq"", ""english.almanar.com.lb"", ""shafaq.com""], ""claimed_weapons"": [""Rockets"", ""Drones""], ""claimed_targets"": [""Beersheba (ongoing)"", ""US military support information centers"", ""US storage facilities"", ""Israeli army communications complex""], ""claimed_effects"": [""500 sites targeted over past 48 hours (cumulative waves 1-11)""], ""irgc_statement_number"": null, ""notable_claims"": [""Cumulative 500 sites claimed targeted in 48 hours""]}",,,False,True,True,False,False,False,True,True,False,True,"The most geographically expansive wave of the entire conflict. Targets spanned US intelligence centres and military warehouses across the Gulf, an Israeli army communications complex in Be'er Sheva, over 20 sites in Tel Aviv, West Jerusalem, and the Galilee. Paphos Airport in Cyprus was evacuated, Akrotiri had sirens, Aramco's Ras Tanura refinery caught fire, Qatar LNG facilities were targeted, and the US-Jordanian embassy was evacuated. The wave demonstrated Iran's ability to threaten targets across an enormous geographic arc simultaneously."
tp4_w12,tp4,12,,,2026-03-02T14:30:00Z,IRGC Navy,2026-03-02T14:00:00Z,2026-03-02T16:00:00+0200,2026-03-02T17:30:00+0330,5.0,5.0,3,4.5,,,"26 attack drones, 5 ballistic missiles, Fattah-2 hypersonic missile",True,True,False,False,False,False,False,True,True,False,True,,,,False,True,False,True,,False,,,,,,False,True,"US Arifjan base Kuwait, US Al Minhad command center UAE, US naval facilities Bahrain, fuel tanker Athens Nova in Strait of Hormuz; Port Fujairah UAE; Dubai UAE (ballistic missile); Sulaymaniyah Iraqi Kurdistan; Erbil Iraq","AE, BH, IO, IQ, KW","Bahrain, British Indian Ocean Territory, Iraq, Kuwait, United Arab Emirates",False,False,False,False,False,False,"Camp Arifjan, Al Minhad Air Base",Athens Nova,28.93,48.1,True,"IRGC naval positions, western Iran",34.31,47.07,True,,,,False,True,False,,,,,False,,31.0,,31.0,,,IRGC Navy claims: Arifjan base Kuwait hit by 12 drones in two phases; Al Minhad base UAE hit by 6 drones and 5 ballistic missiles; US naval facilities Bahrain destroyed by 6 drones; fuel tanker Athens Nova in Strait of Hormuz struck by 2 drones and still burning.,0.0,0.0,0.0,0.0,False,True,True,"Hezbollah re-entered the conflict on March 2, launching rockets and drones at northern Israel from Lebanon. Coordinated with IRGC waves but operationally independent.",Twelfth wave; IRGC Navy-led maritime campaign. 26 drones and 5 ballistic missiles targeting US assets in three Gulf countries plus Strait of Hormuz maritime target.,"{""verification_status"": ""unconfirmed"", ""source_category"": ""iranian_state_and_aligned_media"", ""bias_warning"": ""Pro-Iranian sources; damage/casualty claims likely exaggerated"", ""sources"": [""shafaq.com""], ""claimed_targets"": [""Multiple US military sites in Gulf"", ""US vessels in Gulf"", ""Ali Al-Salem Air Base (Kuwait)"", ""Three US naval facilities in Kuwait"", ""USS Abraham Lincoln""], ""claimed_effects"": [""Ali Al-Salem Air Base rendered inoperative"", ""Three US naval facilities destroyed"", ""USS Abraham Lincoln forced to withdraw from position""], ""irgc_statement_number"": null, ""notable_claims"": [""Claimed carrier forced withdrawal - highly dubious"", ""Ali Al-Salem inoperability claim""]}",,,False,True,False,True,True,False,False,False,False,False,"Strikes on Camp Arifjan in Kuwait, the Al Minhad command centre in the UAE, US naval facilities in Bahrain, and the fuel tanker Athens Nova in the Strait of Hormuz. Port Fujairah in the UAE, Dubai (hit by a ballistic missile), and targets in Iraqi Kurdistan including Sulaymaniyah and Erbil were also struck. The targeting of Dubai with a ballistic missile was a major escalation."
tp4_w13,tp4,13,,,2026-03-02T19:00:00Z,IRGC Navy drone unit,2026-03-02T18:30:00Z,2026-03-02T20:30:00+0200,2026-03-02T22:00:00+0330,0.0,0.0,3,4.5,,,UAVs/drones,True,False,False,False,False,False,False,False,True,False,True,,,,False,False,False,False,,False,,,,,,False,True,"US Navy Marine base at Arifjan base Kuwait, Ali Al-Salim air base Kuwait",KW,Kuwait,False,False,False,False,False,False,"Camp Arifjan, Ali Al-Salem Air Base",,28.93,48.1,True,IRGC positions,33.5,48.5,True,,,,False,True,False,,,,,False,,,,,,,IRGC claims strikes on US Marine Corps installations at Arifjan base Kuwait,0.0,0.0,0.0,0.0,False,False,True,"Hezbollah re-entered the conflict on March 2, launching rockets and drones at northern Israel from Lebanon. Coordinated with IRGC waves but operationally independent.",Thirteenth wave; IRGC Navy drone unit targeting Kuwaiti-based US Marine installations. Marked first clear indication of different IRGC branches coordinating successive waves under unified command.,"{""verification_status"": ""unconfirmed"", ""source_category"": ""iranian_state_and_aligned_media"", ""bias_warning"": ""Pro-Iranian sources; damage/casualty claims likely exaggerated"", ""sources"": [""ilkha.com""], ""claimed_weapons"": [""One-way attack drones (6 against Bahrain naval facilities)""], ""claimed_targets"": [""Camp Arifjan (US Marine Corps base)"", ""US naval fleet facilities in Bahrain"", ""Fuel tanker Athens Nova (Strait of Hormuz)""], ""claimed_effects"": [""US naval fleet facilities in Bahrain destroyed"", ""Athens Nova ablaze after two drone strikes""], ""claimed_iranian_air_defense"": {""drones_downed_this_wave"": ""21st Hermes-type drone shot down over Bushehr by IRGC-N"", ""cumulative_drones_downed"": 22, ""types_claimed_downed"": [""Hermes-type"", ""US MQ-9"", ""IAI Eitan (Heron TP)""]}, ""irgc_statement_number"": null, ""notable_claims"": [""Athens Nova tanker fire in Strait of Hormuz"", ""Iranian air defense claims against coalition drones""]}",,,True,True,False,True,False,False,False,False,False,False,"A focused wave targeting the US Navy Marine base at Camp Arifjan and Ali Al-Salem Air Base, both in Kuwait. The concentration on Kuwait-based US forces suggested targeted pressure on a specific coalition partner."
tp4_w14,tp4,14,,,2026-03-03T02:00:00Z,IRGC Navy,2026-03-03T01:30:00Z,2026-03-03T03:30:00+0200,2026-03-03T05:00:00+0330,0.0,0.0,4,7.0,,,"20 drones, 3 ballistic missiles",True,True,False,,,,,,True,False,True,,,,False,False,False,False,,False,,,,,,False,True,"US air base Sheikh Isa area Bahrain; US embassy Riyadh Saudi Arabia (2 drones, fire); CIA headquarters Riyadh (drone hit); Saudi Arabia downed 9 drones","BH, SA","Bahrain, Saudi Arabia",False,False,False,False,False,False,Sheikh Isa Air Base,,25.92,50.59,True,IRGC naval positions,26.5,53.0,True,,,,False,True,False,,,,,False,,23.0,,23.0,,,IRGC claims main command building and HQ of US air base destroyed; fuel tanks set on fire. 20 drones and 3 missiles claimed to have hit targets.,0.0,0.0,0.0,0.0,False,False,True,"Hezbollah continued rocket and drone attacks on northern Israel from Lebanon, maintaining pressure on IDF Northern Command.",Fourteenth wave; IRGC Navy large-scale attack on US air base in Bahrain with drones and missiles.,,,,True,True,False,False,False,False,True,False,False,True,"Strikes on Sheikh Isa Air Base in Bahrain and the US embassy in Riyadh, Saudi Arabia. Two drones struck the embassy compound causing a fire. The CIA headquarters in Riyadh was also reportedly hit by a drone. Saudi Arabia downed 9 drones. The targeting of diplomatic and intelligence facilities in a Gulf capital was a dramatic escalation."
tp4_w15,tp4,15,یا فاطمه الزهرا,Ya Fatimah Al-Zahra,2026-03-03T16:00:00Z,IRGC,2026-03-03T15:30:00Z,2026-03-03T17:30:00+0200,2026-03-03T19:00:00+0330,2.0,4.0,4,14.0,,,"Missiles, drones",True,True,False,,,,,,True,False,True,,,,False,False,False,False,True,False,False,,,,,True,True,"Al-Udeid Air Base Qatar, Israeli positions; US Consulate Al Seef Dubai (drones, fire); Fujairah Oil Industry Zone UAE; Hamad International Airport Qatar (intercepted); AWS facilities UAE and Bahrain","AE, BH, IL, QA, SA","Bahrain, Israel, Qatar, Saudi Arabia, United Arab Emirates",True,False,False,False,False,False,"Sheikh Isa Air Base, Al-Udeid Air Base",,32.07,34.77,True,,33.5,48.5,True,,,True,,True,True,,,,,,,,,,,,"Strikes on Al-Udeid Air Base Qatar and Israeli positions. IRGC claims 7 Israeli drones shot down (Hermes, Heron, MQ-9). Suspected cluster/fragmentation warhead detonation in Bnei Brak/Petah Tikva causing blast damage; 7 wounded (1 moderate, 6 light) per Haaretz.",0.0,0.0,0.0,0.0,False,False,True,"Hezbollah continued rocket and drone attacks on northern Israel from Lebanon, maintaining pressure on IDF Northern Command.",Fifteenth wave; continued geographic expansion. Also targeted 10 key points at Sheikh Isa Air Base Bahrain. Air raid sirens in central Israel. IRGC claims to have shot down 7 Israeli drones.,,,,True,True,False,False,False,False,False,True,False,True,"A wave targeting Al-Udeid Air Base in Qatar — the largest US base in the Middle East — alongside Israeli positions. The US Consulate in Al Seef, Dubai was struck by drones causing a fire. The Fujairah Oil Industry Zone in the UAE and Hamad International Airport in Qatar were also targeted. AWS cloud facilities in the UAE and Bahrain were hit, disrupting regional internet services."
tp4_w16,tp4,16,,,2026-03-04T06:00:00Z,IRGC,2026-03-04T05:30:00Z,2026-03-04T07:30:00+0200,2026-03-04T09:00:00+0330,5.0,5.0,5,14.0,840.0,,"230 attack drones, missiles",True,True,False,,,,,,True,False,True,,,,False,False,False,False,,False,,,,,,True,True,"HaKirya (IDF general staff and Ministry of War) Tel Aviv, strategic infrastructure Bnei Brak, military targets Beit Hakfa; Kuwait, Iraq, Saudi Arabia, UAE (hundreds of drones); Greek F-16s intercept Shahed drones near Cyprus; Turkish air defences intercept missiles over Hatay","AE, CY, IL, IQ, KW, SA, TR","Cyprus, Iraq, Israel, Kuwait, Saudi Arabia, Turkey, United Arab Emirates",True,False,False,False,True,False,,,32.46,35.135,True,"Western Iran, IRGC ground force positions",34.31,47.07,True,,,,True,True,False,,,,,True,,,230.0,230.0,,,"IRGC claims strikes on HaKirya (IDF general staff and Ministry of War), strategic infrastructure in Bnei Brak, military targets in Beit Hakfa",0.0,0.0,0.0,0.0,False,False,True,Hezbollah launched precision-guided missile strike on Dado Base (IDF Northern Command HQ) near Safed at approximately 03:30 UTC on March 4. Continued rocket fire on northern Israeli towns.,Sixteenth wave; critical shift - IRGC Ground Forces entered the battlefield with three simultaneous operations and 230 attack drones. Multi-domain offensive. Aerospace Division also struck 'heart and northern parts of occupied territories.',,,,False,False,False,False,True,False,False,False,True,False,"A massive wave striking the HaKirya complex (IDF General Staff and Ministry of War) in Tel Aviv, strategic infrastructure in Bnei Brak, and military targets in Beit Hakfa. Hundreds of drones were launched towards Kuwait, Iraq, Saudi Arabia, and the UAE. Greek F-16s intercepted Shahed drones near Cyprus, and Turkish air defences engaged missiles over Hatay province — drawing NATO allies into active defensive roles."
tp4_w17,tp4,17,یا رسول الله,Rasul Allah (Messenger of Allah),2026-03-04T09:00:00Z,IRGC Aerospace Force / Tasnim News Agency,2026-03-04T08:30:00Z,2026-03-04T10:30:00+0200,2026-03-04T12:00:00+0330,5.0,5.0,5,3.0,,,40+ ballistic missiles,False,True,False,,,,,,False,False,,,,,False,False,False,False,,False,,,,,,True,True,American and Israeli targets; Israeli Ministry of Defense building (Tel Aviv); Ben Gurion Airport; 7+ advanced US radars destroyed,IL,Israel,True,False,False,False,False,False,,,32.07,34.77,True,Central/western Iran,34.31,47.07,True,,,,True,True,False,,,,,True,,,40.0,,,,,0.0,0.0,0.0,0.0,False,False,True,Hezbollah launched precision-guided missile strike on Dado Base (IDF Northern Command HQ) near Safed at approximately 03:30 UTC on March 4. Continued rocket fire on northern Israeli towns.,Seventeenth wave; codename 'Sacred: O Messenger of Allah.' 40+ ballistic missiles fired by IRGC Aerospace Force. Religious-nationalist messaging increasingly prominent.,"{""verification_status"": ""unconfirmed"", ""source_category"": ""iranian_state_and_aligned_media"", ""bias_warning"": ""Pro-Iranian sources; damage/casualty claims likely exaggerated"", ""sources"": [""egyptindependent.com"", ""newsonair.gov.in""], ""claimed_weapons"": [""40+ missiles"", ""230+ assault drones (IRGC Ground Force)""], ""claimed_targets"": [""Joint US-Israeli positions"", ""US military bases in Erbil"", ""US military bases in Kuwait"", ""Groups headquarters in northern Iraq"", ""Major US air base in Bahrain""], ""claimed_effects"": [""US air base in Bahrain crippled, command centres destroyed"", ""680+ US troop casualties across various bases in first two days"", ""Several groups headquarters in northern Iraq destroyed""], ""irgc_statement_number"": null, ""notable_claims"": [""680+ US casualty claim - extremely dubious, likely major exaggeration"", ""230 assault drones launched by IRGC Ground Force specifically"", ""US military bases as legitimate self-defence""]}",,,False,False,False,False,True,False,True,True,False,False,"Strikes on the Israeli Ministry of Defense building in Tel Aviv and Ben Gurion Airport. Iran claimed to have destroyed seven or more advanced US-supplied radar systems, potentially degrading Israel's early warning and tracking capabilities for subsequent waves."
tp4_w18,tp4,18,یا امام حسن مجتبی,Ya Imam Hassan Mojtaba,,IRGC,,,,,,5,,,,Ghadr-class ballistic missiles,,True,,,True,,,,,,,,,,True,False,False,False,,False,,,,,,,,,,,,,,,,,,,,,,,33.5,48.5,True,,,,,,,,,,,,,,,,,,,0.0,0.0,0.0,0.0,,,True,Hezbollah launched precision-guided missile strike on Dado Base (IDF Northern Command HQ) near Safed at approximately 03:30 UTC on March 4. Continued rocket fire on northern Israeli towns.,Eighteenth wave; codename references Imam Hassan Mojtaba in celebration of his holy birthday. Ghadr-class ballistic missiles confirmed launched by IRGC.,,,"https://x.com/MalikAliiRaza, https://x.com/iwasnevrhere_",False,False,False,False,False,False,False,False,False,False,A wave in the ongoing TP4 campaign. Details of specific targeting for this wave are still being confirmed through OSINT sources.
tp4_w19,tp4,19,یا حسن بن علی علیه السلام,Ya Hassan ibn Ali (peace be upon him),2026-03-05T06:00:00Z,IRGC Public Relations,2026-03-05T05:30:00Z,2026-03-05T07:30:00+0200,2026-03-05T09:00:00+0330,5.0,5.0,6,,,,"Khorramshahr-4 ballistic missiles (1-ton warheads), explosive drones",True,True,False,,,,,,,,,,,,True,False,False,False,,False,,,,,,True,True,"Israeli Defense Ministry complex Tel Aviv, Ben Gurion Airport, Jerusalem; US military positions in Kuwait, Bahrain, Qatar; USS Abraham Lincoln (CVN-72); Amazon data center Bahrain","BH, IL, KW, QA","Bahrain, Israel, Kuwait, Qatar",True,True,False,False,False,False,"US military positions Kuwait, US military positions Bahrain, US military positions Qatar",USS Abraham Lincoln,31.925,34.995,True,,33.5,48.5,True,True,"THAAD, Iron Dome",True,True,,,,,,,True,IDF reports all overnight ballistic missiles intercepted; one morning missile struck open area in central town,,,,,,"IRGC claims strikes on Israeli Defense Ministry Tel Aviv, Ben Gurion Airport, 7+ US/Israeli radar systems destroyed. One missile struck open area in central Israel. Amazon facility Bahrain allegedly suffered extensive damage.",0.0,0.0,0.0,0.0,False,True,True,Israeli officials confirmed simultaneous IRGC-Hezbollah launches were coordinated. Hezbollah maintained rocket fire on northern Israel and issued evacuation warnings for border towns.,Nineteenth wave; codename 'Ya Hassan ibn Ali.' Combined missile and drone operation using Khorramshahr-4 ballistic missiles with 1-ton warheads. IRGC claims bypassed THAAD and struck Israeli Defense Ministry and Ben Gurion Airport. Also targeted USS Abraham Lincoln and Amazon data center in Bahrain. IDF reports most missiles intercepted; no casualties.,,,"https://www.tribuneindia.com/news/irgc/irgc-launches-19th-wave-of-operation-true-promise-4-says-operation-against-american-zionist-terrorists, https://www.timesofisrael.com/liveblog-march-05-2026/",False,True,False,True,True,False,False,True,False,False,"A wide-ranging wave targeting the Israeli Defense Ministry complex in Tel Aviv, Ben Gurion Airport, Jerusalem, and US military positions in Kuwait, Bahrain, and Qatar. The USS Abraham Lincoln carrier was targeted again, alongside an Amazon data centre in Bahrain. The repeated targeting of cloud infrastructure reflected a deliberate Iranian strategy to impose economic costs on Gulf states hosting Western digital infrastructure."
tp4_w20,tp4,20,يا معزّ المؤمنين,Ya Mo'izz al-Mu'minin,,IRGC,,,,,,6,,,,"Kheibar Shekan ballistic missiles with cluster munition warheads (~20 submunitions per warhead, ~2.5 kg explosive each, ~8 km dispersal radius), drones",True,True,False,,,,True,,,,,,,,False,True,,False,True,True,True,Kheibar Shekan,20.0,2.5,8.0,True,,"Tel Aviv and surrounding area, central Israel. Sirens sounded across central Israel. Eighth Iranian attack since midnight.",IL,Israel,True,False,False,False,False,False,,,32.0853,34.7818,False,,33.5,48.5,True,,,,,,,,,,,,,,,,,,"Missile fragments and submunitions from cluster bomb warhead impacted several areas in central Israel, causing damage. One impact site in a central town sparked a fire. Police confirmed cluster bomb warhead. Each submunition carries ~2.5 kg explosive, ~20 submunitions per warhead, dispersal radius ~8 km. Submunitions designed to explode on impact; unexploded submunitions pose landmine-like hazard.",0.0,0.0,0.0,0.0,False,False,True,Israeli officials confirmed simultaneous IRGC-Hezbollah launches were coordinated. Hezbollah maintained rocket fire on northern Israel and issued evacuation warnings for border towns.,Twentieth wave of Operation True Promise 4. Small number of ballistic missiles with cluster munition warheads and drones launched at central Israel. Eighth Iranian attack since midnight. Sirens sounded in Tel Aviv and surrounding area. Police confirmed cluster bomb warhead; missile fragments and submunitions impacted several areas. One impact in a central town sparked a fire. No immediate injuries reported. IDF Home Front Command cleared shelters after attack. Iran has fired at least six cluster missiles at Israel since the war began per Haaretz reporting.,"IRGC Public Relations announced the twentieth wave of Operation Promised Truth 4 began with a combined missile and drone operation along with a barrage of Khaibar-breaking (Kheibar Shekan) missiles against targets in the heart of Tel Aviv on the evening of the birth of Imam Hasan al-Mujtaba, with the code 'Ya Mo'izz al-Mu'minin'.",IDF Home Front Command cleared civilians to leave shelters but advised remaining close. No immediate injuries reported by medics.,"https://x.com/i_am_razazkhan, https://x.com/FirsttripR, https://www.timesofisrael.com/liveblog_entry/police-say-iran-shot-cluster-bomb-in-recent-impact-in-central-israel/, https://www.timesofisrael.com/irans-cluster-missiles-scattering-bombs-and-destruction-across-israel/, https://www.haaretz.com/israel-news/israel-security/2026-03-05/ty-article/.premium/iran-has-fired-at-least-six-cluster-missiles-at-israel-since-the-war-began/0000019c-b94e-db5a-a99f-b94ff6f20000, https://x.com/Osint613",False,False,False,False,False,False,False,False,False,False,A focused wave on Tel Aviv and surrounding central Israel. Sirens sounded across central Israel as this became the eighth Iranian attack since midnight — an unprecedented tempo of multiple waves within a single 24-hour period designed to exhaust air defense crews and deplete interceptor stocks.
tp4_w21,tp4,21,يا معزّ المؤمنين,Ya Mu'izz al-Mu'minin,2026-03-06T04:00:00Z,IRGC Aerospace Force,2026-03-06T03:30:00Z,2026-03-06T05:30:00+0200,2026-03-06T07:00:00+0330,,,7,,,,"Kheibar Shekan ballistic missiles with cluster munition warheads, suicide drone swarms",True,True,False,,,,True,,,,,,,,False,True,,False,True,True,True,Kheibar Shekan,20.0,2.5,8.0,True,,Tel Aviv; combined drone swarms and Kheibar cluster missiles designed to saturate and overwhelm multi-layered air defences,IL,Israel,True,False,False,False,False,False,,,32.0853,34.7818,False,,33.5,48.5,True,,,,,,,,,,,,"IRGC claims Kheibar cluster warheads fragmented mid-flight, releasing dozens of submunitions that rendered Iron Dome, David's Sling, and Arrow largely ineffective. Independent verification unavailable.",,,,,,IRGC claims cluster warhead submunitions dispersed across target areas. No specific damage reports confirmed by Israeli sources.,0.0,0.0,0.0,0.0,False,False,True,"Hezbollah sustained rocket and drone campaign against northern Israel, coordinating timing with IRGC ballistic missile waves.","Twenty-first wave of Operation True Promise 4. Codename 'Ya Mu'izz al-Mu'minin.' IRGC Aerospace Force launched combined suicide drone swarms and Kheibar Shekan ballistic missiles with cluster warheads at Tel Aviv early Friday morning on Day 7 of the conflict. IRGC stated the tactic was designed to overwhelm Israel's multi-layered air defences. Iran vowed 'more intense' operations in coming days. Cumulative munitions prior to this wave reportedly exceeded 2,000 drones and 600 missiles.",IRGC Aerospace Force announced the 21st wave of Operation True Promise 4 utilizing swarms of suicide drones and advanced Khayber missiles with cluster warheads to saturate and bypass the Zionist regime's multi-layered air defences.,,"https://muslimmirror.com/irgc-unleashes-21st-wave-of-operation-true-promise-4-tel-aviv-rocked-by-advanced-khyber-missile-barrage/, https://www.newsx.com/world/israel-iran-us-war-live-day-6-irgc-launches-21st-wave-of-operation-true-promise-counterstrikes-with-drone-missile-swarms-tehran-vows-more-intense-operations-khamenei-death-funeral-trump-war-178308/, https://www.tribuneindia.com/news/counter-strikes/irans-irgc-launches-21st-wave-of-counter-strikes-vows-more-intense-operations, https://news.cgtn.com/news/2026-03-06/news-1LhO8FO6dC8/p.html",False,False,False,False,False,False,False,False,False,False,A combined strike on Tel Aviv using simultaneous drone swarms and Kheibar Shekan cluster munition missiles. This wave was specifically designed to saturate and overwhelm Israel's multi-layered air defences by forcing them to engage both slow drones and fast ballistic missiles simultaneously while cluster submunitions complicated terminal defense.
tp4_w22,tp4,22,يا حسين بن علي عليه السلام,Ya Hossein ibn Ali (peace be upon him),2026-03-06T12:00:00Z,IRGC Public Relations,2026-03-06T11:30:00Z,2026-03-06T13:30:00+0200,2026-03-06T15:00:00+0330,,,7,,,,"Khorramshahr-4 ballistic missiles (~1,500 kg warhead, Mach 16 exo-atmospheric / Mach 8 atmospheric), Kheibar Shekan ballistic missiles, Fattah hypersonic missiles, drones",True,True,False,,,,True,True,,,,,,,True,True,True,True,,False,,,,,,True,True,"Tel Aviv, Ben Gurion Airport, Israeli Air Force military centers in Haifa, US and Israeli positions across the Persian Gulf including Al Udeid Air Base (Qatar) and Al Dhafra Air Base (UAE). Retaliation for Minab school strike.","AE, IL, QA","Israel, Qatar, United Arab Emirates",True,False,True,False,False,False,"Al Udeid Air Base, Al Dhafra Air Base",,32.445,34.885,True,,33.5,48.5,True,True,,True,,,,,,,,True,Israeli military confirmed defence systems intercepting missiles launched from Iran. No injuries reported in Israel.,,,,,,"IRGC claims strikes on Tel Aviv, Ben Gurion Airport, military centers in Haifa. Claims Al Udeid radar systems, air traffic control, satellite stations, and fuel depots obliterated. Claims Al Dhafra early warning radar and critical infrastructure destroyed by precision strikes and drone swarms. No confirmed Israeli casualties.",0.0,0.0,0.0,0.0,False,False,True,"Hezbollah sustained rocket and drone campaign against northern Israel, coordinating timing with IRGC ballistic missile waves.","Twenty-second wave of Operation True Promise 4. Codename 'Ya Hossein ibn Ali.' Significant escalation in weapon sophistication: first wave to combine Khorramshahr-4 (~1,500 kg warhead, Mach 16), Kheibar Shekan, and Fattah hypersonic missiles simultaneously. Targeted Tel Aviv, Ben Gurion Airport, Haifa military centers, plus Al Udeid and Al Dhafra air bases in the Gulf. IRGC framed as retaliation for Minab school strike. Iranian state media stated most missiles used in the war to date were from 2012-2014 production, and new generation weapons had only been deployed in rare cases until this wave.","IRGC Public Relations announced the 22nd wave of Operation True Promise 4 began with a barrage of Khorramshahr 4, Kheibar, and Fattah missiles targeting the heart of the Israeli-occupied territories. The operation was codenamed 'Ya Hossein ibn Ali' and conducted in retaliation for the child-killing perpetrators who murdered Iran's children at the Minab school. IRGC stated only a fraction of Iran's actual capabilities had been used and new generation strategic weapons were forthcoming.",,"https://x.com/IrnaEnglish/status/2029864376719581460, https://www.presstv.ir/Detail/2026/03/06/765044/IRGC-launches-22nd-wave-of-Operation-True-Promise-4-in-response-to-US-Israeli-aggression, https://www.presstv.ir/Detail/2026/03/06/765034/New-generation-missiles-on-way-as-Iran-launches-22nd-barrage, https://www.palestinechronicle.com/iran-says-khorramshahr-4-missiles-targeted-ben-gurion-airport-in-new-attack-wave/, https://www.islamicinvitationturkey.com/iran-unleashes-22nd-missile-wave-in-op-true-promise-4-with-advanced-weaponry/, https://defencesecurityasia.com/en/iran-khorramshahr-4-ballistic-missile-strike-tel-aviv-israel-air-defence-operation-true-promise-4/",True,True,False,False,False,False,False,True,False,False,"A retaliatory wave explicitly linked to the Minab school strike in Iran. Targets included Tel Aviv, Ben Gurion Airport, Israeli Air Force military centres in Haifa, and US/Israeli positions across the Gulf including Al Udeid Air Base in Qatar and Al Dhafra Air Base in the UAE. The explicit framing as retaliation for a specific incident marked a shift in Iranian public messaging."
tp4_w23,tp4,23,يا حسن بن علي,Ya Hasan ibn Ali,2026-03-06T20:31:00Z,IRGC,2026-03-06T20:00:00Z,2026-03-06T22:00:00+0200,2026-03-06T23:30:00+0330,,,7,,,,"New-generation solid- and liquid-fuel missiles (Khaibar-Shekan, Rezvan variants); drones",True,True,,,,,True,,,,,,,,True,True,,,,False,,,,,,True,True,"US bases: Sheikh Isa (Bahrain), Juffair (Bahrain), Ali al-Salem (Kuwait), al-Azraq (Jordan). Israel: Be'er Sheva (advanced technology centers, cybersecurity facilities, military support centers).","AE, BH, IL, KW, QA, SA","Bahrain, Israel, Kuwait, Qatar, Saudi Arabia, United Arab Emirates",,,,True,,,"{'base_name': 'Sheikh Isa Air Base', 'country': 'BH', 'targeted': True, 'damage_reported': None}, {'base_name': 'NSA Bahrain (Juffair)', 'country': 'BH', 'targeted': True, 'damage_reported': None}, {'base_name': 'Ali Al Salem Air Base', 'country': 'KW', 'targeted': True, 'damage_reported': None}, {'base_name': 'Muwaffaq Salti Air Base (al-Azraq)', 'country': 'JO', 'targeted': True, 'damage_reported': None}",,31.25,34.79,True,,33.5,48.5,True,True,,True,,,,,,,,,Israeli military confirmed defence systems intercepting missiles launched from Iran.,,,,,,,0.0,0.0,0.0,0.0,False,False,True,"Hezbollah sustained rocket and drone campaign against northern Israel, coordinating timing with IRGC ballistic missile waves.","Twenty-third wave of Operation True Promise 4. Announced late evening March 6 (Day 7). IRGC stated this phase would involve 'some of the world's most advanced missiles.' Targets reported across Israel and Gulf states including Kuwait, Qatar, Bahrain, Saudi Arabia, and UAE. Israeli military confirmed intercepting missiles. Details remain sparse as the wave was announced only hours ago; this is a preliminary entry pending further OSINT confirmation.",IRGC announced the start of the 23rd wave of Operation True Promise 4. Social media accounts linked to Iranian state media stated this phase would involve 'some of the world's most advanced missiles' targeting Israel and US-allied positions across the Gulf.,,"https://www.aljazeera.com/news/2026/3/6/iran-war-what-is-happening-on-day-seven-of-us-israel-attacks, https://x.com/IranUpdates0, https://x.com/IranToday_24",False,True,False,False,False,False,True,False,False,False,"A multi-country wave targeting four US bases in three countries: Sheikh Isa and NSA Bahrain/Juffair in Bahrain, Ali al-Salem in Kuwait, and al-Azraq (Muwaffaq Salti) in Jordan. In Israel, Be'er Sheva was targeted — specifically advanced technology centres, cybersecurity facilities, and military support centres. The focus on cyber/tech facilities in Be'er Sheva suggested targeting of Israel's 'Cyber Capital' cluster."
tp4_w24,tp4,24,يا مهدي,Ya Mahdi,2026-03-07T01:30:00Z,IRGC,2026-03-07T05:30:00Z,2026-03-07T08:22:00+0200,2026-03-07T09:52:00+0330,,,8,,,,"Kheibar Shekan, Emad, and Ghadr ballistic missiles",,True,,True,True,,True,,,,,,,,True,True,,,True,True,True,"Kheibar Shekan, Emad, Ghadr",20.0,2.5,8.0,True,True,"Tel Aviv (""heart of the occupied territories""). At least 3 missile impacts confirmed in Tel Aviv per Al Jazeera. IRGC claimed strikes on strategic facilities.",IL,Israel,True,,,,,,,,32.07,34.77,True,,33.5,48.5,True,True,"Arrow-3, David's Sling, Iron Dome",True,,,,,,,,,Israeli Home Front Command reported sirens across Tel Aviv metro. Al Jazeera reported at least 3 missiles bypassed defenses.,45.0,45.0,,,,Minor structural damage in Tel Aviv and Givatayim. Three missile impacts confirmed in Tel Aviv metro.,0.0,5.0,0.0,0.0,False,False,True,Hezbollah launched rockets at Dado Base (Northern Command HQ) and issued evacuation orders for Nahariyya/Kiryat Shmona. Islamic Resistance in Iraq claimed drone strike on US-linked base in Jordan. Houthis continued maritime threats in Red Sea.,"Twenty-fourth wave of Operation True Promise 4. Day 8 (March 7), dawn. Codename 'Ya Mahdi'. Kheibar Shekan, Emad, Ghadr ballistic missiles with cluster warheads targeting Tel Aviv. At least 3 impacts confirmed. IRGC released launch footage.","IRGC claimed strikes on 'the heart of the occupied territories' and strategic facilities in Tel Aviv. Footage released showing Kheibar Shekan, Emad, Ghadr launches.",,https://x.com/iranscreenshot,False,False,False,False,False,False,False,False,True,False,"A concentrated strike on Tel Aviv, described by Iran as targeting the heart of the occupied territories. At least three missile impacts were confirmed in Tel Aviv by Al Jazeera. The IRGC claimed strikes on strategic facilities. The high number of confirmed urban impacts indicated either improving Iranian accuracy or degraded Israeli interception capability."
tp4_w25,tp4,25,المقدس / علی ابن ابی‌طالب,Al-Muqaddis / Ali ibn Abi Talib,2026-03-07T10:35:00Z,IRGC,2026-03-07T12:30:00Z,2026-03-07T15:22:00+0200,2026-03-07T16:52:00+0330,,,8,,,,"Fateh, Imad (Emad), and strategic missiles; drones",True,True,,True,,,,True,,True,,,,,True,True,,True,,False,,,,,,True,True,"Joint US-Israeli military centers and logistical support. Al-Dhafra Air Base (UAE), Al-Minhad Air Base (UAE). IRGC claimed precision strikes on radar and satellite comms centers.","AE, IL","Israel, United Arab Emirates",,,,,True,,"{'base_name': 'Al Dhafra Air Base', 'country': 'AE', 'targeted': True, 'damage_reported': None}, {'base_name': 'Al Minhad Air Base', 'country': 'AE', 'targeted': True, 'damage_reported': None}",,32.85,35.5,True,,33.5,48.5,True,True,"THAAD, Patriot PAC-3",,True,,,,,,,,US and UAE defenses engaged. IRGC claimed precision strikes on radar and satellite communication centers.,60.0,,60.0,,,,0.0,0.0,0.0,0.0,False,False,True,Hezbollah launched rockets at Dado Base (Northern Command HQ) and issued evacuation orders for Nahariyya/Kiryat Shmona. Islamic Resistance in Iraq claimed drone strike on US-linked base in Jordan. Houthis continued maritime threats in Red Sea.,"Twenty-fifth wave of Operation True Promise 4. Day 8 (March 7). Codename 'Al-Muqaddis / Ali ibn Abi Talib'. Fattah hypersonic and Emad missiles with Shahed-238 suicide drone swarms. Targeted joint US-Israeli military centers, Al-Dhafra and Al-Minhad Air Bases (UAE).","IRGC: Joint missile operation by drones codenamed Al-Muqaddis or Ali ibn Abi Talib, against military centers and military support of Zionist-American enemy with Fateh, Imad, and strategic missiles. 25th wave of Operation Al-Wafa Al-Sadiq 4.",,"https://www.pingtvindia.com/irgc-launches-25th-wave-of-operation-true-promise-4-as-iran-israel-us-war-escalates/, https://www.jordannews.jo/Section-20/Middle-East/IRGC-Announces-Start-of-25th-Wave-of-True-Promise-4-Operation-49468, https://wanaen.com/25th-wave-of-operation-true-promise-4-launched-with-fattah-and-emad-missiles/",True,True,False,False,False,False,True,False,False,False,"Strikes on joint US-Israeli military centres and logistical support at Al-Dhafra Air Base and Al-Minhad Air Base, both in the UAE. Iran claimed precision strikes on radar and satellite communications centres, suggesting continued SEAD operations to degrade coalition surveillance and early warning networks."
tp4_w26,tp4,26,یا حیدر کرار,Ya Heydar Karrar,2026-03-07T15:15:00Z,IRGC,2026-03-07T17:00:00Z,2026-03-07T19:00:00+0200,2026-03-07T20:30:00+0330,,,8,,,,"New-generation Emad, Ghadr, and multi-warhead Kheibar missiles; drones",True,True,,True,True,,True,,,,,,,,True,True,,,True,True,True,Kheibar Shekan,20.0,2.5,8.0,True,True,"Targets from north to south of Israel hit with precision, including Jerusalem (cluster missile intercepted over city per Anadolu Agency/Israel National News). Sdot Micha strategic military facility (radar). Also Iran army drone strikes against US bases: Al-Minhad Air Base (UAE) and Camp Udairi (Kuwait).","AE, IL, KW","Israel, Kuwait, United Arab Emirates",,True,,,True,,"{'base_name': 'Al Minhad Air Base', 'country': 'AE', 'targeted': True, 'damage_reported': None}, {'base_name': 'Camp Udairi', 'country': 'KW', 'targeted': True, 'damage_reported': None}",,32.85,35.5,True,,33.5,48.5,True,True,"Arrow-3, David's Sling, Iron Dome",True,,,,,,,,,Israeli military reported intercepting over 110 drones since start of day. Acknowledged impacts in open areas and near military sites. Sirens in Kiryat Shmona and Upper Galilee.,37.0,37.0,,,,Damage to radar installations at Sdot Micha. Sirens in Kiryat Shmona and Upper Galilee.,0.0,0.0,0.0,0.0,False,False,True,Hezbollah launched rockets at Dado Base (Northern Command HQ) and issued evacuation orders for Nahariyya/Kiryat Shmona. Islamic Resistance in Iraq claimed drone strike on US-linked base in Jordan. Houthis continued maritime threats in Red Sea.,"Twenty-sixth wave of Operation True Promise 4. Day 8 (March 7). Combined drone-missile operation under codename 'Ya Heydar Karrar'. New-generation Emad, Ghadr, and multi-warhead Kheibar missiles with cluster warheads struck targets across northern and southern Israel including Jerusalem (cluster missile intercepted over city per Anadolu Agency and Israel National News). Sdot Micha strategic military facility targeted. Concurrent Iran army drone strikes against US bases at Al-Minhad (UAE) and Camp Udairi (Kuwait). IRGC claimed destruction of enemy radar systems in previous waves made striking targets easier.","IRGC announced the 26th wave under codename 'Ya Heydar Karrar'. Claimed all missiles fired hit their designated targets, aided by destruction of enemy radar systems in previous waves. Iran army separately launched 'massive wave' of drone strikes against US sites in UAE and Kuwait.",,"https://wanaen.com/irgc-wave-26-of-operation-true-promise-4/, https://shafaq.com/en/Middle-East/IRGC-hits-Israeli-targets-in-26th-wave-of-Operation-True-Promise-4, https://www.aa.com.tr/en/middle-east/loud-explosions-heard-after-iranian-cluster-missile-seen-in-skies-over-jerusalem/3854447, https://www.israelnationalnews.com/news/423520",True,True,False,False,False,False,True,False,False,False,"Iran claimed targets from north to south of Israel were hit with precision. The Sdot Micha strategic military facility — believed to house Israel's nuclear-capable Jericho missile arsenal — was specifically targeted for its radar systems. Iran Army drones also struck Al-Minhad Air Base in the UAE and Camp Udairi in Kuwait, marking the regular Iranian Army's direct participation alongside the IRGC."
tp4_w27,tp4,27,يا فاطمة الزهراء,Ya Fatimah al-Zahra,2026-03-07T19:45:00Z,IRGC,2026-03-07T18:30:00Z,2026-03-07T20:46:00+0200,2026-03-07T22:16:00+0330,,,8,,,,"Khorramshahr-4 heavy ballistic missiles, Fattah-2 hypersonic missiles, cluster warheads, suicide drones",True,True,,,,,,True,,,,,,,True,True,,True,True,True,True,Khorramshahr-4,80.0,2.5,16.0,True,True,Haifa oil refinery; US positions in Kuwait (Camp Udairi / Camp Buehring). Cluster warheads confirmed over Israel.,"IL, KW","Israel, Kuwait",,,True,,,,"{'base_name': 'Camp Udairi / Camp Buehring', 'country': 'KW', 'targeted': True, 'damage_reported': None}",,32.82,35.0,True,,33.5,48.5,True,True,,True,True,,,,,,,,Heavy sirens in Haifa Bay. Kuwaiti and US defenses on high alert. Explosions heard near border.,30.0,20.0,10.0,,,Iranian state media claimed drone swarm hit Haifa refinery causing large fires. Unconfirmed.,0.0,0.0,0.0,0.0,False,False,True,Hezbollah launched rockets at Dado Base (Northern Command HQ) and issued evacuation orders for Nahariyya/Kiryat Shmona. Islamic Resistance in Iraq claimed drone strike on US-linked base in Jordan. Houthis continued maritime threats in Red Sea.,"Twenty-seventh wave of Operation True Promise 4. Day 8 (March 7), evening. Codename 'Ya Fatimah al-Zahra'. Khorramshahr-4 heavy ballistic and Fattah-2 hypersonic missiles with cluster warheads plus suicide drones. Targeted Haifa oil refinery and US positions at Camp Udairi/Buehring (Kuwait). Iranian media claimed fires at Haifa refinery.",IRGC launched 27th wave of missiles with cluster warheads and drones toward Israel and the Gulf. Claimed drone swarm hit Haifa refinery causing large fires. @IslanderWORLD noted Israel Channel 12 reported Iran 'out of missile launchers' — IRGC continued regardless.,,"https://x.com/ShortReportOnX, https://x.com/wolfbrief_, https://x.com/IslanderWORLD",False,True,False,False,False,False,False,True,False,False,"Strikes on the Haifa oil refinery and US positions at Camp Udairi/Camp Buehring in Kuwait. Cluster warheads were confirmed over Israel, indicating the continued use of Kheibar Shekan or Khorramshahr-4 cluster munition variants designed to defeat terminal-phase interception by dispersing submunitions."
tp4_w28,tp4,28,,,2026-03-08T11:22:00Z,IRGC,2026-03-08T10:30:00Z,2026-03-08T12:30:00+0200,2026-03-08T14:00:00+0330,,,9,15.75,,,"Qadr, Emad (700kg-1 ton warheads), Kheibar Shekan ballistic missiles (1,450 km range, terminal maneuverability)",False,True,False,True,True,,True,,False,False,False,,,,True,True,True,False,True,True,True,Kheibar Shekan,20.0,2.5,8.0,True,True,Tel Aviv; Be'er Sheva (Bir al-Sabe'); Al-Azraq Air Base (Jordan),"IL, JO","Israel, Jordan",True,True,False,True,False,False,"{'base_name': 'Al-Azraq Air Base', 'country': 'JO', 'targeted': True, 'damage_reported': None}",,31.66,34.78,True,Iran — IRGC Aerospace Force,33.5,48.5,True,,,,,,,,,,,,"Reports of large explosions in Tel Aviv, Jerusalem, and west of Ramallah. Air defenses active.",,,,,,Iranian media claimed direct ballistic missile impact in central Israel; large explosions reported in Tel Aviv. Unconfirmed independently.,,,,,False,False,True,Hezbollah continued coordinated attacks on northern Israel from Lebanon.,"Twenty-eighth wave of Operation True Promise 4. Day 9 (March 8). Featured Qadr, Emad (700kg-1 ton warheads), and Kheibar Shekan missiles (1,450 km range, terminal maneuverability, high strike accuracy). Targeted Tel Aviv, Be'er Sheva, and Al-Azraq Air Base (Jordan). Iranian media claimed THAAD radar systems destroyed in preceding 24h period.","IRGC claimed wave used 'new-generation Kheibar missiles with heavy warheads designed to penetrate fortified military targets.' Al Mayadeen and Mehr News reported strikes on Tel Aviv and Be'er Sheva. Iranian sources also claimed four advanced THAAD radar systems (Al-Ruba, Al-Ruwais, Al-Kharj, Al-Azraq) destroyed in preceding 24 hours.",,"https://x.com/MilitaryObs2222, https://mehrnews.com, https://almayadeen.net",True,True,False,False,False,False,False,False,False,False,"Day 9 of True Promise 4. Strikes on Tel Aviv, Be'er Sheva, and Al-Azraq Air Base in Jordan. The continued targeting of Jordanian-based US assets placed pressure on Jordan's political position as a key US partner that had participated in defending Israel during TP1."
tp4_w29,tp4,29,يا علي ابن أبي طالب,Ya Ali Ibn Abi Talib,2026-03-08T16:00:00Z,IRGC,2026-03-08T15:30:00Z,2026-03-08T18:00:00+0200,2026-03-08T19:30:00+0330,,,9,5.0,,,New generation of missiles (type unspecified),,True,,,,,,,,,,,,,,,,,,False,,,,,,True,True,Tel Aviv; Naqab (Negev); US airbase in region (unspecified),IL,Israel,True,False,False,True,False,False,,,31.66,34.78,True,Iran — IRGC Aerospace Force,33.5,48.5,True,,,,,,,,,,,,,,,,,,,,,,,False,False,True,Hezbollah continued coordinated attacks on northern Israel from Lebanon.,"Twenty-ninth wave of Operation True Promise 4. Day 9 (March 8), afternoon. Codename 'Ya Ali Ibn Abi Talib'. IRGC Aerospace Force launched new generation of missiles hitting targets in Tel Aviv, the Naqab (Negev), and US airbase in region. Details still emerging.","IRGC announced 29th wave launched by Aerospace Force with 'new generation of missiles' hitting targets in Tel Aviv, the Naqab, and US airbase. Codename Ya Ali Ibn Abi Talib.",,https://x.com/AbebeSamson1,True,False,False,False,False,False,False,False,False,False,"Day 9 continued. Strikes on Tel Aviv, the Negev region, and an unspecified US airbase. As the 29th wave of TP4 and the 55th wave of the overall conflict, this wave represented a level of sustained Iranian aerial bombardment that had no precedent in modern warfare."
